company_id,quarter,disclosure_risk_score,rnd_ratio,major_event_flag,disclosure_summary_ko
C001,2021Q1,0.4298463778330023,0.0791361016091019,0,특이 공시 이벤트 없음
C001,2021Q2,0.3675028713711092,0.0754672149182253,0,특이 공시 이벤트 없음
C001,2021Q3,0.4566839869689282,0.0898336808799981,0,특이 공시 이벤트 없음
C001,2021Q4,0.170624053161644,0.0821743120196395,0,특이 공시 이벤트 없음
C001,2022Q1,0.2099573479985184,0.0648640610533092,0,특이 공시 이벤트 없음
C001,2022Q2,0.4752666868871867,0.0789217764787377,0,특이 공시 이벤트 없음
C001,2022Q3,0.2280588357034511,0.0596160684955078,0,특이 공시 이벤트 없음
C001,2022Q4,0.226791998116342,0.0909622300934086,0,특이 공시 이벤트 없음
C001,2023Q1,0.5159433065089833,0.0807189109615403,0,특이 공시 이벤트 없음
C001,2023Q2,0.4465908189915286,0.0187456974742244,0,특이 공시 이벤트 없음
C001,2023Q3,0.3863745186906832,0.0744143339613427,0,특이 공시 이벤트 없음
C001,2023Q4,0.3358606168621164,0.0260567902160842,0,특이 공시 이벤트 없음
C001,2024Q1,0.3100418764986567,0.0758042472406564,0,특이 공시 이벤트 없음
C001,2024Q2,0.3894123837720707,0.0820035850847902,0,특이 공시 이벤트 없음
C001,2024Q3,0.3991993225571164,0.1131837553541046,0,특이 공시 이벤트 없음
C001,2024Q4,0.1732544565327701,0.0895587585604415,0,특이 공시 이벤트 없음
C002,2021Q1,0.0405142584792885,0.0202224143702223,0,특이 공시 이벤트 없음
C002,2021Q2,0.572218332148846,0.0164102942796859,0,특이 공시 이벤트 없음
C002,2021Q3,0.2308795564961864,0.0459909151504248,0,특이 공시 이벤트 없음
C002,2021Q4,0.2909388241663141,0.0480291813933028,0,특이 공시 이벤트 없음
C002,2022Q1,0.2608399471701897,0.0,0,특이 공시 이벤트 없음
C002,2022Q2,0.4042882780893265,0.0680165413882041,0,특이 공시 이벤트 없음
C002,2022Q3,0.1115648760036546,0.0,0,특이 공시 이벤트 없음
C002,2022Q4,0.3637280267259812,0.0495194273832449,0,특이 공시 이벤트 없음
C002,2023Q1,0.2420779650072814,0.0,0,특이 공시 이벤트 없음
C002,2023Q2,0.5503676504480349,0.0302164003326234,0,특이 공시 이벤트 없음
C002,2023Q3,0.3871498851663414,0.0305193343637561,0,특이 공시 이벤트 없음
C002,2023Q4,0.3576713087828242,0.0158616180642571,0,특이 공시 이벤트 없음
C002,2024Q1,0.3059331619771805,0.0081966744643285,0,특이 공시 이벤트 없음
C002,2024Q2,0.5411670825411858,0.019310311589077,0,특이 공시 이벤트 없음
C002,2024Q3,0.3903370171517901,0.0195083516467846,0,특이 공시 이벤트 없음
C002,2024Q4,0.6579027472918837,0.0392990083109265,0,특이 공시 이벤트 없음
C003,2021Q1,0.2715921955745479,0.0,0,특이 공시 이벤트 없음
C003,2021Q2,0.5747561660445097,0.0235289876712674,0,특이 공시 이벤트 없음
C003,2021Q3,0.4337823438911334,0.0294615971067299,0,특이 공시 이벤트 없음
C003,2021Q4,0.465097586069184,0.0064959770218442,0,특이 공시 이벤트 없음
C003,2022Q1,0.4274446358152176,0.0257070825853576,0,특이 공시 이벤트 없음
C003,2022Q2,0.2665712061726312,0.0030039760589994,0,특이 공시 이벤트 없음
C003,2022Q3,0.3195629022806678,0.0079393200652928,0,특이 공시 이벤트 없음
C003,2022Q4,0.1633691181708695,0.0270223350747275,0,특이 공시 이벤트 없음
C003,2023Q1,0.3543664919865003,0.0357729319508174,0,특이 공시 이벤트 없음
C003,2023Q2,0.4048211708964251,0.1144713419841883,0,특이 공시 이벤트 없음
C003,2023Q3,0.4746547786501961,0.0014456208407273,0,특이 공시 이벤트 없음
C003,2023Q4,0.393337500075306,0.0661236844661611,0,특이 공시 이벤트 없음
C003,2024Q1,0.6590447255786117,0.0293642137692975,0,특이 공시 이벤트 없음
C003,2024Q2,0.6323262320306073,0.0307570050894905,0,특이 공시 이벤트 없음
C003,2024Q3,0.2966452526643447,0.0433960314233256,0,특이 공시 이벤트 없음
C003,2024Q4,0.1452887521697651,0.0286041982164794,0,특이 공시 이벤트 없음
C004,2021Q1,0.4805833414129589,0.1069818627668557,0,특이 공시 이벤트 없음
C004,2021Q2,0.3147780369632782,0.1060576197796561,0,특이 공시 이벤트 없음
C004,2021Q3,0.528145158908168,0.0750693762063091,0,특이 공시 이벤트 없음
C004,2021Q4,0.313736670668241,0.0648982853890287,0,특이 공시 이벤트 없음
C004,2022Q1,0.3204671451944135,0.0421345759233018,0,특이 공시 이벤트 없음
C004,2022Q2,0.260586665051575,0.0702126406680788,0,특이 공시 이벤트 없음
C004,2022Q3,0.5731097434528793,0.0632081404078176,0,특이 공시 이벤트 없음
C004,2022Q4,0.3658688972030783,0.0634231643885911,0,특이 공시 이벤트 없음
C004,2023Q1,0.3776086746907348,0.094066439312171,0,특이 공시 이벤트 없음
C004,2023Q2,0.1776194004217558,0.0222967396693683,0,특이 공시 이벤트 없음
C004,2023Q3,0.5797668335901579,0.0951877692746639,0,특이 공시 이벤트 없음
C004,2023Q4,0.6330138581607108,0.0577730632970269,0,특이 공시 이벤트 없음
C004,2024Q1,0.4175671068304876,0.0419307891932251,0,특이 공시 이벤트 없음
C004,2024Q2,0.4950948853764158,0.1079198164284812,0,특이 공시 이벤트 없음
C004,2024Q3,0.5805448480876467,0.1062336200309076,0,특이 공시 이벤트 없음
C004,2024Q4,0.3754559817714218,0.0590236522473765,0,특이 공시 이벤트 없음
C005,2021Q1,0.1835590547949092,0.0997603390823436,0,특이 공시 이벤트 없음
C005,2021Q2,0.7607911485081401,0.0646548860477377,1,위험 공시/부정 이벤트 징후가 일부 관측됨
C005,2021Q3,0.2815414423204988,0.0597415006663722,0,특이 공시 이벤트 없음
C005,2021Q4,0.3765892050423283,0.0772807854211845,0,특이 공시 이벤트 없음
C005,2022Q1,0.3226250236024607,0.0843886627499973,0,특이 공시 이벤트 없음
C005,2022Q2,0.4993235424417976,0.0942784751705727,0,특이 공시 이벤트 없음
C005,2022Q3,0.0,0.0388170632576457,0,특이 공시 이벤트 없음
C005,2022Q4,0.3636113845628259,0.1146329598556182,0,특이 공시 이벤트 없음
C005,2023Q1,0.1314293130620665,0.0602330599350201,0,특이 공시 이벤트 없음
C005,2023Q2,0.1774871758771454,0.0877994255747763,0,특이 공시 이벤트 없음
C005,2023Q3,0.5468037893329871,0.0621206402528694,0,특이 공시 이벤트 없음
C005,2023Q4,0.0968978458379972,0.0467433828182487,0,특이 공시 이벤트 없음
C005,2024Q1,0.4657299889642878,0.0902280327747561,0,특이 공시 이벤트 없음
C005,2024Q2,0.5043171379618263,0.0146453157239249,0,특이 공시 이벤트 없음
C005,2024Q3,0.3857901186392665,0.1094442051232971,0,특이 공시 이벤트 없음
C005,2024Q4,0.0834520041010887,0.0781003131047495,0,특이 공시 이벤트 없음
C006,2021Q1,0.1449205612945671,0.0363364478154368,0,특이 공시 이벤트 없음
C006,2021Q2,0.5641503859241769,0.0175946987105025,0,특이 공시 이벤트 없음
C006,2021Q3,0.313566407413031,0.0510053414832189,0,특이 공시 이벤트 없음
C006,2021Q4,0.0822575672743607,0.0409206529197006,0,특이 공시 이벤트 없음
C006,2022Q1,0.7247604326693212,0.0631838690410605,1,위험 공시/부정 이벤트 징후가 일부 관측됨
C006,2022Q2,0.2507038776311643,0.0517807002903424,0,특이 공시 이벤트 없음
C006,2022Q3,0.247924444018552,0.0087028181775396,0,특이 공시 이벤트 없음
C006,2022Q4,0.2078201220746447,0.0521940282899968,0,특이 공시 이벤트 없음
C006,2023Q1,0.2885526607447997,0.0373088509563614,0,특이 공시 이벤트 없음
C006,2023Q2,0.4466837617975969,0.0130089393158123,0,특이 공시 이벤트 없음
C006,2023Q3,0.1253940244858194,0.002242581255864,0,특이 공시 이벤트 없음
C006,2023Q4,0.5036148259761537,0.04224713689796,0,특이 공시 이벤트 없음
C006,2024Q1,0.3652171145975074,0.0,0,특이 공시 이벤트 없음
C006,2024Q2,0.3304960907752265,0.0504776254616213,0,특이 공시 이벤트 없음
C006,2024Q3,0.5193486651443026,0.0336224475239427,0,특이 공시 이벤트 없음
C006,2024Q4,0.0229450686892716,0.0255080882287956,0,특이 공시 이벤트 없음
C007,2021Q1,0.3209150557589912,0.0726172507472031,0,특이 공시 이벤트 없음
C007,2021Q2,0.4453669530809835,0.0757915111059129,0,특이 공시 이벤트 없음
C007,2021Q3,0.785092734160048,0.0864699342091548,1,위험 공시/부정 이벤트 징후가 일부 관측됨
C007,2021Q4,0.4567737073103434,0.0864871053562974,0,특이 공시 이벤트 없음
C007,2022Q1,0.3162942833524189,0.0989737395594225,0,특이 공시 이벤트 없음
C007,2022Q2,0.3179178527167789,0.0205562734408218,0,특이 공시 이벤트 없음
C007,2022Q3,0.6423793858071155,0.0732968453280288,0,특이 공시 이벤트 없음
C007,2022Q4,0.6799796313731346,0.0927809511142236,0,특이 공시 이벤트 없음
C007,2023Q1,0.8302688594603461,0.060549017706713,1,위험 공시/부정 이벤트 징후가 일부 관측됨
C007,2023Q2,0.53570321247704,0.0488313976778995,0,특이 공시 이벤트 없음
C007,2023Q3,0.289315415228267,0.0625086733986158,0,특이 공시 이벤트 없음
C007,2023Q4,0.3063233534043126,0.0450213777167246,0,특이 공시 이벤트 없음
C007,2024Q1,0.7678517683772926,0.1022921616414668,1,위험 공시/부정 이벤트 징후가 일부 관측됨
C007,2024Q2,0.4416781076802956,0.0378273139865906,0,특이 공시 이벤트 없음
C007,2024Q3,0.6790141424248372,0.0868786164973724,0,특이 공시 이벤트 없음
C007,2024Q4,0.3628391406502521,0.0857818682530394,0,특이 공시 이벤트 없음
C008,2021Q1,0.2738899135399362,0.0623470237885011,0,특이 공시 이벤트 없음
C008,2021Q2,0.6851579369296523,0.0632400764476139,1,위험 공시/부정 이벤트 징후가 일부 관측됨
C008,2021Q3,0.5074247908794978,0.0910984222888339,0,특이 공시 이벤트 없음
C008,2021Q4,0.5313896852638066,0.1092833954020592,0,특이 공시 이벤트 없음
C008,2022Q1,0.356394653665662,0.0678323824789469,0,특이 공시 이벤트 없음
C008,2022Q2,0.2533687624420327,0.0847175819553787,0,특이 공시 이벤트 없음
C008,2022Q3,0.4424353094829969,0.0118225050763672,0,특이 공시 이벤트 없음
C008,2022Q4,0.4993308992244023,0.0667565949202874,0,특이 공시 이벤트 없음
C008,2023Q1,0.0736423306953992,0.0220850633120447,0,특이 공시 이벤트 없음
C008,2023Q2,0.4643223862938028,0.0629982843279781,0,특이 공시 이벤트 없음
C008,2023Q3,0.2677890600132765,0.1007968783572325,0,특이 공시 이벤트 없음
C008,2023Q4,0.4332860111419135,0.0272131710067385,0,특이 공시 이벤트 없음
C008,2024Q1,0.4421660184338711,0.0857809582016787,0,특이 공시 이벤트 없음
C008,2024Q2,0.5652509266983402,0.1072531085574143,0,특이 공시 이벤트 없음
C008,2024Q3,0.5399456835754048,0.1043085585716629,0,특이 공시 이벤트 없음
C008,2024Q4,0.062933039775661,0.0959572482245954,0,특이 공시 이벤트 없음
C009,2021Q1,0.5529610366313089,0.071655070490642,0,특이 공시 이벤트 없음
C009,2021Q2,0.5670588044046653,0.0310894630214175,0,특이 공시 이벤트 없음
C009,2021Q3,0.436615852580188,0.0379699134975725,0,특이 공시 이벤트 없음
C009,2021Q4,0.1271691260716589,0.038529225470816,0,특이 공시 이벤트 없음
C009,2022Q1,0.381629690313213,0.0305946735259506,0,특이 공시 이벤트 없음
C009,2022Q2,0.2621932247040435,0.0257322403881723,0,특이 공시 이벤트 없음
C009,2022Q3,0.6529266376496944,0.0640023211660887,0,특이 공시 이벤트 없음
C009,2022Q4,0.2686994144711043,0.0176489169035589,0,특이 공시 이벤트 없음
C009,2023Q1,0.4077152816307489,0.0373617497954909,0,특이 공시 이벤트 없음
C009,2023Q2,0.2216710320637136,0.0377175538203352,0,특이 공시 이벤트 없음
C009,2023Q3,0.3513759872273193,0.0320933338672408,0,특이 공시 이벤트 없음
C009,2023Q4,0.2503119991612104,0.0088684304650381,0,특이 공시 이벤트 없음
C009,2024Q1,0.1870889626081281,0.0035654381254657,0,특이 공시 이벤트 없음
C009,2024Q2,0.3497122399986418,0.0425866725204167,0,특이 공시 이벤트 없음
C009,2024Q3,0.5031833433828699,0.0215725752608471,0,특이 공시 이벤트 없음
C009,2024Q4,0.1590571356890401,0.018888605877932,0,특이 공시 이벤트 없음
C010,2021Q1,0.5729291780618109,0.0057580999743895,0,특이 공시 이벤트 없음
C010,2021Q2,0.408326124946278,0.0607013391349795,0,특이 공시 이벤트 없음
C010,2021Q3,0.4519964418163413,0.0695930090298249,0,특이 공시 이벤트 없음
C010,2021Q4,0.4021892221731167,0.053490780124664,0,특이 공시 이벤트 없음
C010,2022Q1,0.2707829135955208,0.0418238938715847,0,특이 공시 이벤트 없음
C010,2022Q2,0.5165481768327059,0.0705889868066258,0,특이 공시 이벤트 없음
C010,2022Q3,0.7091707714373507,0.0138669883755607,1,위험 공시/부정 이벤트 징후가 일부 관측됨
C010,2022Q4,0.3731119988223302,0.0592352447687051,0,특이 공시 이벤트 없음
C010,2023Q1,0.1559742710992436,0.0146756493839954,0,특이 공시 이벤트 없음
C010,2023Q2,0.241078339597046,0.0442426481409782,0,특이 공시 이벤트 없음
C010,2023Q3,0.616507977067643,0.0409787321158365,0,특이 공시 이벤트 없음
C010,2023Q4,0.212343653824961,0.0052902786350432,0,특이 공시 이벤트 없음
C010,2024Q1,0.2964042409599776,0.0009487292286836,0,특이 공시 이벤트 없음
C010,2024Q2,0.5031324231503711,0.0212913615533745,0,특이 공시 이벤트 없음
C010,2024Q3,0.4423377931791932,0.0,0,특이 공시 이벤트 없음
C010,2024Q4,0.4808523019942652,0.0396458644379728,0,특이 공시 이벤트 없음
C011,2021Q1,0.4941640229180324,0.0172512338280007,0,특이 공시 이벤트 없음
C011,2021Q2,0.4163333093054899,0.0684769236323016,0,특이 공시 이벤트 없음
C011,2021Q3,0.3257418495438129,0.0532501225780444,0,특이 공시 이벤트 없음
C011,2021Q4,0.3129764306732621,0.0821997842701146,0,특이 공시 이벤트 없음
C011,2022Q1,0.2567807048633339,0.0568896276757239,0,특이 공시 이벤트 없음
C011,2022Q2,0.4437817895869198,0.0630194770197079,0,특이 공시 이벤트 없음
C011,2022Q3,0.2144181065628687,0.0634942842359219,0,특이 공시 이벤트 없음
C011,2022Q4,0.3672697051261714,0.0936103967135068,0,특이 공시 이벤트 없음
C011,2023Q1,0.2522938564898671,0.0725042409498368,0,특이 공시 이벤트 없음
C011,2023Q2,0.3854486423042301,0.0464210018907652,0,특이 공시 이벤트 없음
C011,2023Q3,0.0293749105879118,0.0644294456060697,0,특이 공시 이벤트 없음
C011,2023Q4,0.5005214436316496,0.096982891410803,0,특이 공시 이벤트 없음
C011,2024Q1,0.4169691531867781,0.0684976938061217,0,특이 공시 이벤트 없음
C011,2024Q2,0.4906284382624636,0.0616266990681598,0,특이 공시 이벤트 없음
C011,2024Q3,0.3182680095379206,0.0802437804905822,0,특이 공시 이벤트 없음
C011,2024Q4,0.4009462650070026,0.0746513210913047,0,특이 공시 이벤트 없음
C012,2021Q1,0.5687256211218664,0.0367533879591531,0,특이 공시 이벤트 없음
C012,2021Q2,0.5078112329035613,0.0334032353718876,0,특이 공시 이벤트 없음
C012,2021Q3,0.2528884691447574,0.0281502058775749,0,특이 공시 이벤트 없음
C012,2021Q4,0.3972119458384381,0.0307789353699258,0,특이 공시 이벤트 없음
C012,2022Q1,0.3158211694527592,0.0087456970079822,0,특이 공시 이벤트 없음
C012,2022Q2,0.2329889366889425,0.0480590053458617,0,특이 공시 이벤트 없음
C012,2022Q3,0.4923224267479374,0.0324805521013503,0,특이 공시 이벤트 없음
C012,2022Q4,0.4478764062976995,0.1049924305459327,0,특이 공시 이벤트 없음
C012,2023Q1,0.4385480859479585,0.0333738581820297,0,특이 공시 이벤트 없음
C012,2023Q2,0.5527522059290161,0.0806219754451778,0,특이 공시 이벤트 없음
C012,2023Q3,0.395166975065104,0.059572905161544,0,특이 공시 이벤트 없음
C012,2023Q4,0.3183921531384856,0.0267736581987945,0,특이 공시 이벤트 없음
C012,2024Q1,0.6275694850765631,0.0371499766251303,0,특이 공시 이벤트 없음
C012,2024Q2,0.5964101452906445,0.0,0,특이 공시 이벤트 없음
C012,2024Q3,0.5353674339491212,0.0161088320893701,0,특이 공시 이벤트 없음
C012,2024Q4,0.3153410480150764,0.0,0,특이 공시 이벤트 없음
C013,2021Q1,0.4636438790060417,0.0437827418996979,0,특이 공시 이벤트 없음
C013,2021Q2,0.7216047682383409,0.0333451841827809,1,위험 공시/부정 이벤트 징후가 일부 관측됨
C013,2021Q3,0.3829104004630858,0.0408648895223359,0,특이 공시 이벤트 없음
C013,2021Q4,0.1948833290705434,0.0273769457265209,0,특이 공시 이벤트 없음
C013,2022Q1,0.4118675426582637,0.0521738416942704,0,특이 공시 이벤트 없음
C013,2022Q2,0.2855142305736833,0.049681441543621,0,특이 공시 이벤트 없음
C013,2022Q3,0.3351182397160923,0.0449775801324563,0,특이 공시 이벤트 없음
C013,2022Q4,0.32640232507273,0.0309926764294245,0,특이 공시 이벤트 없음
C013,2023Q1,0.3592415519284214,0.0158661121219923,0,특이 공시 이벤트 없음
C013,2023Q2,0.4439712203928472,0.0189304107589818,0,특이 공시 이벤트 없음
C013,2023Q3,0.2494986745573234,0.0437442954428764,0,특이 공시 이벤트 없음
C013,2023Q4,0.3130668963687484,0.0713629510239759,0,특이 공시 이벤트 없음
C013,2024Q1,0.5542430536420707,0.0501763358692638,0,특이 공시 이벤트 없음
C013,2024Q2,0.518704609925754,0.0555484300277169,0,특이 공시 이벤트 없음
C013,2024Q3,0.404567544176989,0.0425153701691134,0,특이 공시 이벤트 없음
C013,2024Q4,0.6193329271140531,0.0526161958055161,0,특이 공시 이벤트 없음
C014,2021Q1,0.5176361295399734,0.1077784141589783,0,특이 공시 이벤트 없음
C014,2021Q2,0.314075204661988,0.0605428695658948,0,특이 공시 이벤트 없음
C014,2021Q3,0.2510753455740095,0.1119392362468852,0,특이 공시 이벤트 없음
C014,2021Q4,0.4419566314656179,0.0564479800701374,0,특이 공시 이벤트 없음
C014,2022Q1,0.3727384767229284,0.0582269647338785,0,특이 공시 이벤트 없음
C014,2022Q2,0.4765908606337333,0.060934726239077,0,특이 공시 이벤트 없음
C014,2022Q3,0.1229357560040036,0.0666913581660628,0,특이 공시 이벤트 없음
C014,2022Q4,0.3598974952877369,0.0583897045192204,0,특이 공시 이벤트 없음
C014,2023Q1,0.535399772414509,0.0777852336862669,0,특이 공시 이벤트 없음
C014,2023Q2,0.2865628616266246,0.0904517523318621,0,특이 공시 이벤트 없음
C014,2023Q3,0.2567246014093393,0.0633051356581204,0,특이 공시 이벤트 없음
C014,2023Q4,0.3886543581914833,0.0570843809506315,0,특이 공시 이벤트 없음
C014,2024Q1,0.278220725786335,0.0161908544286428,0,특이 공시 이벤트 없음
C014,2024Q2,0.47136762325784,0.0660096833119832,0,특이 공시 이벤트 없음
C014,2024Q3,0.2128167429809116,0.0775178635454432,0,특이 공시 이벤트 없음
C014,2024Q4,0.593538076695933,0.0789927874726026,0,특이 공시 이벤트 없음
C015,2021Q1,0.4641418288821675,0.0611725917145548,0,특이 공시 이벤트 없음
C015,2021Q2,0.2960507481999039,0.0782576828044386,0,특이 공시 이벤트 없음
C015,2021Q3,0.0,0.0449315496962853,0,특이 공시 이벤트 없음
C015,2021Q4,0.0,0.0439022056352633,0,특이 공시 이벤트 없음
C015,2022Q1,0.2198613594105089,0.0717624057255291,0,특이 공시 이벤트 없음
C015,2022Q2,0.4073086361693749,0.0899728231897755,0,특이 공시 이벤트 없음
C015,2022Q3,0.4574293609569013,0.0676527043370408,0,특이 공시 이벤트 없음
C015,2022Q4,0.5031614026115032,0.0610497673527244,0,특이 공시 이벤트 없음
C015,2023Q1,0.2825684340862424,0.092495645803207,0,특이 공시 이벤트 없음
C015,2023Q2,0.4309701954444311,0.0913596165169593,0,특이 공시 이벤트 없음
C015,2023Q3,0.477139365575408,0.0487493958071926,0,특이 공시 이벤트 없음
C015,2023Q4,0.2386199808720829,0.0787553124464631,0,특이 공시 이벤트 없음
C015,2024Q1,0.0,0.1170219076751962,0,특이 공시 이벤트 없음
C015,2024Q2,0.2520388918235402,0.0196321379766646,0,특이 공시 이벤트 없음
C015,2024Q3,0.5686873843792277,0.0333527126241615,0,특이 공시 이벤트 없음
C015,2024Q4,0.3219589993486977,0.09342422488973,0,특이 공시 이벤트 없음
C016,2021Q1,0.3718356877670156,0.0745732188384739,0,특이 공시 이벤트 없음
C016,2021Q2,0.5728744164789065,0.0371236347740605,0,특이 공시 이벤트 없음
C016,2021Q3,0.3120624412409792,0.0510772531808733,0,특이 공시 이벤트 없음
C016,2021Q4,0.4096652919702029,0.0577972806165349,0,특이 공시 이벤트 없음
C016,2022Q1,0.127689368220872,0.1175135063858527,0,특이 공시 이벤트 없음
C016,2022Q2,0.2901594501816945,0.0807120732163958,0,특이 공시 이벤트 없음
C016,2022Q3,0.3238831251641139,0.0439162454095671,0,특이 공시 이벤트 없음
C016,2022Q4,0.5818905111220638,0.0247940611248995,0,특이 공시 이벤트 없음
C016,2023Q1,0.2245194346667339,0.0645441638863206,0,특이 공시 이벤트 없음
C016,2023Q2,0.4075400238823541,0.0644795303612417,0,특이 공시 이벤트 없음
C016,2023Q3,0.5739952740983942,0.0666118045551588,0,특이 공시 이벤트 없음
C016,2023Q4,0.3841908147243351,0.0679275744129611,0,특이 공시 이벤트 없음
C016,2024Q1,0.3418489587657132,0.0969747160035594,0,특이 공시 이벤트 없음
C016,2024Q2,0.7885111005301052,0.0744196909440788,1,위험 공시/부정 이벤트 징후가 일부 관측됨
C016,2024Q3,0.4035978465267271,0.1449059773849536,0,특이 공시 이벤트 없음
C016,2024Q4,0.4265003092264279,0.0402950327719915,0,특이 공시 이벤트 없음
C017,2021Q1,0.4801814150097668,0.0303385838861949,0,특이 공시 이벤트 없음
C017,2021Q2,0.2186113378877397,0.0675735218531464,0,특이 공시 이벤트 없음
C017,2021Q3,0.2527057399052485,0.0918124625535763,0,특이 공시 이벤트 없음
C017,2021Q4,0.7153251998824741,0.0820076954306046,1,위험 공시/부정 이벤트 징후가 일부 관측됨
C017,2022Q1,0.5244562259498868,0.0454386185333102,0,특이 공시 이벤트 없음
C017,2022Q2,0.4552368709361853,0.0796906442878687,0,특이 공시 이벤트 없음
C017,2022Q3,0.3998612166378653,0.0558799162224393,0,특이 공시 이벤트 없음
C017,2022Q4,0.8258924184296408,0.0887550281236579,1,위험 공시/부정 이벤트 징후가 일부 관측됨
C017,2023Q1,0.3893244973942362,0.0467349111327621,0,특이 공시 이벤트 없음
C017,2023Q2,0.6805957437832874,0.0303686344348058,1,위험 공시/부정 이벤트 징후가 일부 관측됨
C017,2023Q3,0.4103631763342463,0.0528854077793036,0,특이 공시 이벤트 없음
C017,2023Q4,0.4273329285753503,0.0299431318162251,0,특이 공시 이벤트 없음
C017,2024Q1,1.0,0.0901694957637025,1,위험 공시/부정 이벤트 징후가 일부 관측됨
C017,2024Q2,1.0,0.1177197589614241,1,위험 공시/부정 이벤트 징후가 일부 관측됨
C017,2024Q3,1.0,0.0571637003237722,1,위험 공시/부정 이벤트 징후가 일부 관측됨
C017,2024Q4,1.0,0.0813800681159285,1,위험 공시/부정 이벤트 징후가 일부 관측됨
C018,2021Q1,0.5840792412909266,0.019178913628697,0,특이 공시 이벤트 없음
C018,2021Q2,0.4484598358399431,0.0,0,특이 공시 이벤트 없음
C018,2021Q3,0.3755508156210181,0.0583670515724082,0,특이 공시 이벤트 없음
C018,2021Q4,0.2461768892460699,0.0179231098197747,0,특이 공시 이벤트 없음
C018,2022Q1,0.6377246591943153,0.0,0,특이 공시 이벤트 없음
C018,2022Q2,0.3566284879334058,0.044835395129513,0,특이 공시 이벤트 없음
C018,2022Q3,0.5784319500376406,0.0211193513957448,0,특이 공시 이벤트 없음
C018,2022Q4,0.365586678833633,0.080281692038978,0,특이 공시 이벤트 없음
C018,2023Q1,0.230456352007819,0.0566795453528003,0,특이 공시 이벤트 없음
C018,2023Q2,0.1496814724460191,0.0,0,특이 공시 이벤트 없음
C018,2023Q3,0.330526974249117,0.0447034230827044,0,특이 공시 이벤트 없음
C018,2023Q4,0.3724226151109263,0.0650945538256361,0,특이 공시 이벤트 없음
C018,2024Q1,0.5562123024845982,0.0631652587157298,0,특이 공시 이벤트 없음
C018,2024Q2,0.1983450969945116,0.0823042207599901,0,특이 공시 이벤트 없음
C018,2024Q3,0.2691932155176398,0.0072644742390189,0,특이 공시 이벤트 없음
C018,2024Q4,0.3444939206571507,0.0602277976563763,0,특이 공시 이벤트 없음
C019,2021Q1,0.3890587224890879,0.0670307640940643,0,특이 공시 이벤트 없음
C019,2021Q2,0.5687803593353582,0.0768493623817761,0,특이 공시 이벤트 없음
C019,2021Q3,0.5985849781529838,0.0384438423069282,0,특이 공시 이벤트 없음
C019,2021Q4,0.3219219940257641,0.0541027055920943,0,특이 공시 이벤트 없음
C019,2022Q1,0.588663080797063,0.012207843091794,0,특이 공시 이벤트 없음
C019,2022Q2,0.8645610126628009,0.0251250682175456,1,위험 공시/부정 이벤트 징후가 일부 관측됨
C019,2022Q3,0.4620584878378789,0.0405973176767014,0,특이 공시 이벤트 없음
C019,2022Q4,0.5199930734115632,0.0606483032895056,0,특이 공시 이벤트 없음
C019,2023Q1,0.84462589870716,0.0274268551523589,1,위험 공시/부정 이벤트 징후가 일부 관측됨
C019,2023Q2,0.9534211093933408,0.02157827167823,1,위험 공시/부정 이벤트 징후가 일부 관측됨
C019,2023Q3,1.0,0.0369874015772862,1,위험 공시/부정 이벤트 징후가 일부 관측됨
C019,2023Q4,1.0,0.0466112489373855,1,위험 공시/부정 이벤트 징후가 일부 관측됨
C019,2024Q1,1.0,0.0459704130840424,1,위험 공시/부정 이벤트 징후가 일부 관측됨
C019,2024Q2,1.0,0.0,1,위험 공시/부정 이벤트 징후가 일부 관측됨
C019,2024Q3,1.0,0.0298910140865929,1,위험 공시/부정 이벤트 징후가 일부 관측됨
C019,2024Q4,1.0,0.0049620133520319,1,위험 공시/부정 이벤트 징후가 일부 관측됨
C020,2021Q1,0.3291632280942349,0.0912101612240709,0,특이 공시 이벤트 없음
C020,2021Q2,0.3812998848445974,0.089028763745158,0,특이 공시 이벤트 없음
C020,2021Q3,0.6212448641740582,0.0660865355571226,0,특이 공시 이벤트 없음
C020,2021Q4,0.2642825643607603,0.0754859989654982,0,특이 공시 이벤트 없음
C020,2022Q1,0.9652828705617296,0.066933094472132,1,위험 공시/부정 이벤트 징후가 일부 관측됨
C020,2022Q2,0.2661196289411419,0.0413693007278319,0,특이 공시 이벤트 없음
C020,2022Q3,0.4325394606410199,0.1140225596531901,0,특이 공시 이벤트 없음
C020,2022Q4,0.2324412667858167,0.0295066326547065,0,특이 공시 이벤트 없음
C020,2023Q1,0.2630570048485662,0.1089004081737494,0,특이 공시 이벤트 없음
C020,2023Q2,0.282434204326122,0.0731570284309392,0,특이 공시 이벤트 없음
C020,2023Q3,0.4077973927210236,0.0697495776220925,0,특이 공시 이벤트 없음
C020,2023Q4,0.2052131807203296,0.0621307012520502,0,특이 공시 이벤트 없음
C020,2024Q1,0.2143320160555932,0.07492758127178,0,특이 공시 이벤트 없음
C020,2024Q2,0.4700627536872821,0.077889531354934,0,특이 공시 이벤트 없음
C020,2024Q3,0.4566725235401786,0.0762292625322045,0,특이 공시 이벤트 없음
C020,2024Q4,0.6515786030490069,0.0595053905620796,0,특이 공시 이벤트 없음
C021,2021Q1,0.4121634994217957,0.0754734711767909,0,특이 공시 이벤트 없음
C021,2021Q2,0.3148571446508952,0.0620448381966853,0,특이 공시 이벤트 없음
C021,2021Q3,0.2820207899046896,0.0658558770836532,0,특이 공시 이벤트 없음
C021,2021Q4,0.1095499877707342,0.08224065359681,0,특이 공시 이벤트 없음
C021,2022Q1,0.1987962563295664,0.1016483406639204,0,특이 공시 이벤트 없음
C021,2022Q2,0.5156275073254539,0.055247238696064,0,특이 공시 이벤트 없음
C021,2022Q3,0.4622003394103846,0.0875391367985117,0,특이 공시 이벤트 없음
C021,2022Q4,0.5107447759833608,0.0247388573910422,0,특이 공시 이벤트 없음
C021,2023Q1,0.4322131556123212,0.1143197480772761,0,특이 공시 이벤트 없음
C021,2023Q2,0.3012260895494368,0.0937419975704089,0,특이 공시 이벤트 없음
C021,2023Q3,0.0632277260372742,0.0688411574354808,0,특이 공시 이벤트 없음
C021,2023Q4,0.2609157006566397,0.0449034354095621,0,특이 공시 이벤트 없음
C021,2024Q1,0.6102610943771413,0.1086652852690893,0,특이 공시 이벤트 없음
C021,2024Q2,0.1648246580311082,0.1089223650024358,0,특이 공시 이벤트 없음
C021,2024Q3,0.4076644156429488,0.030861819313289,0,특이 공시 이벤트 없음
C021,2024Q4,0.3417458050414556,0.0733501119041977,0,특이 공시 이벤트 없음
C022,2021Q1,0.3730689251789159,0.0508078835116886,0,특이 공시 이벤트 없음
C022,2021Q2,0.3296065413317586,0.0470293522168634,0,특이 공시 이벤트 없음
C022,2021Q3,0.3181394323335695,0.0390601512710681,0,특이 공시 이벤트 없음
C022,2021Q4,0.2452400491520459,0.0539883436440804,0,특이 공시 이벤트 없음
C022,2022Q1,0.3566192040707549,0.0105151458274307,0,특이 공시 이벤트 없음
C022,2022Q2,0.3910327104998847,0.0649888617456456,0,특이 공시 이벤트 없음
C022,2022Q3,0.5686680042067104,0.0425073359360295,0,특이 공시 이벤트 없음
C022,2022Q4,0.1932733242323085,0.045088058686348,0,특이 공시 이벤트 없음
C022,2023Q1,0.2358449144559821,0.0526760181274224,0,특이 공시 이벤트 없음
C022,2023Q2,0.3982146302539546,0.0722891629112191,0,특이 공시 이벤트 없음
C022,2023Q3,0.3523636033362118,0.0385273845540534,0,특이 공시 이벤트 없음
C022,2023Q4,0.7402500162896135,0.0459667041854252,1,위험 공시/부정 이벤트 징후가 일부 관측됨
C022,2024Q1,0.7122275745429986,0.0328157182376708,1,위험 공시/부정 이벤트 징후가 일부 관측됨
C022,2024Q2,0.4786424276215696,0.0315638251776719,0,특이 공시 이벤트 없음
C022,2024Q3,0.547255560854347,0.0479103570688601,0,특이 공시 이벤트 없음
C022,2024Q4,0.4161948047079799,0.0240051037627648,0,특이 공시 이벤트 없음
C023,2021Q1,0.2986218726950918,0.0227897085983615,0,특이 공시 이벤트 없음
C023,2021Q2,0.5023493425078494,0.010773688095255,0,특이 공시 이벤트 없음
C023,2021Q3,0.3766477064931953,0.0246126833940201,0,특이 공시 이벤트 없음
C023,2021Q4,0.2992316380637128,0.0615633379077479,0,특이 공시 이벤트 없음
C023,2022Q1,0.2046570566488702,0.0231453346036315,0,특이 공시 이벤트 없음
C023,2022Q2,0.4349534568606006,0.0518038744550176,0,특이 공시 이벤트 없음
C023,2022Q3,0.6163547048548571,0.0137264194047107,0,특이 공시 이벤트 없음
C023,2022Q4,0.3080108260695718,0.0135971203242348,0,특이 공시 이벤트 없음
C023,2023Q1,0.5220116908174545,0.0366141993596847,0,특이 공시 이벤트 없음
C023,2023Q2,0.443106925884282,0.069269914019096,0,특이 공시 이벤트 없음
C023,2023Q3,0.4471791226229759,0.0521716740333714,0,특이 공시 이벤트 없음
C023,2023Q4,0.3364012736394237,0.0041093975167829,0,특이 공시 이벤트 없음
C023,2024Q1,0.3861381068684229,0.0552446190069554,0,특이 공시 이벤트 없음
C023,2024Q2,0.5072396564586215,0.0170141110870776,0,특이 공시 이벤트 없음
C023,2024Q3,0.3511607501632429,0.0,0,특이 공시 이벤트 없음
C023,2024Q4,0.3723437811863524,0.0547211428288068,0,특이 공시 이벤트 없음
C024,2021Q1,0.5763027361705957,0.028235969962168,0,특이 공시 이벤트 없음
C024,2021Q2,0.4940682616207504,0.0316717032065767,0,특이 공시 이벤트 없음
C024,2021Q3,0.4132116360572809,0.0463265276473575,0,특이 공시 이벤트 없음
C024,2021Q4,0.4629668451316662,0.03906796837582,0,특이 공시 이벤트 없음
C024,2022Q1,0.3478797111184057,0.0301828093478293,0,특이 공시 이벤트 없음
C024,2022Q2,0.343275667350469,0.0024726375867172,0,특이 공시 이벤트 없음
C024,2022Q3,0.1182530211782593,0.0180330584526005,0,특이 공시 이벤트 없음
C024,2022Q4,0.49401064458824,0.0339113357658776,0,특이 공시 이벤트 없음
C024,2023Q1,0.4449800652063964,0.0212628205609759,0,특이 공시 이벤트 없음
C024,2023Q2,0.3539951270714349,0.0029363842574003,0,특이 공시 이벤트 없음
C024,2023Q3,0.4727041630585658,0.0587223870270876,0,특이 공시 이벤트 없음
C024,2023Q4,0.2415488685915194,0.0060717837851521,0,특이 공시 이벤트 없음
C024,2024Q1,0.5760152888177841,0.0105659845076762,0,특이 공시 이벤트 없음
C024,2024Q2,0.3967144060700096,0.0279240704782254,0,특이 공시 이벤트 없음
C024,2024Q3,0.3361949311408025,0.0072789654678182,0,특이 공시 이벤트 없음
C024,2024Q4,0.5257286763777165,0.0050824970603871,0,특이 공시 이벤트 없음
C025,2021Q1,0.3525143685892921,0.0598941457915882,0,특이 공시 이벤트 없음
C025,2021Q2,0.3516684954321741,0.0,0,특이 공시 이벤트 없음
C025,2021Q3,0.1847878683228824,0.0089719633151848,0,특이 공시 이벤트 없음
C025,2021Q4,0.2630141259032109,0.0562919968307262,0,특이 공시 이벤트 없음
C025,2022Q1,0.2710691541808797,0.0561496044939198,0,특이 공시 이벤트 없음
C025,2022Q2,0.3469974454953611,0.0628850665774236,0,특이 공시 이벤트 없음
C025,2022Q3,0.3365388291906006,0.0482154180388645,0,특이 공시 이벤트 없음
C025,2022Q4,0.0211190238193372,0.0,0,특이 공시 이벤트 없음
C025,2023Q1,0.1897126890976445,0.0403452426159333,0,특이 공시 이벤트 없음
C025,2023Q2,0.4000403457011822,0.0659085790652735,0,특이 공시 이벤트 없음
C025,2023Q3,0.5748457493661308,0.0,0,특이 공시 이벤트 없음
C025,2023Q4,0.2788872827079547,0.0381813007574303,0,특이 공시 이벤트 없음
C025,2024Q1,0.2887836857483206,0.0111556490158728,0,특이 공시 이벤트 없음
C025,2024Q2,0.2400695925157117,0.0102561053564794,0,특이 공시 이벤트 없음
C025,2024Q3,0.5370750376053851,0.0310291820882936,0,특이 공시 이벤트 없음
C025,2024Q4,0.387877986547582,0.0580613933309051,0,특이 공시 이벤트 없음
C026,2021Q1,0.3134375079597076,0.0460971657579181,0,특이 공시 이벤트 없음
C026,2021Q2,0.1798897040865008,0.0009484455853886,0,특이 공시 이벤트 없음
C026,2021Q3,0.1895174129628114,0.0515193051603983,0,특이 공시 이벤트 없음
C026,2021Q4,0.3613706836938878,0.0120941249730318,0,특이 공시 이벤트 없음
C026,2022Q1,0.1465720721103756,0.0181838462202626,0,특이 공시 이벤트 없음
C026,2022Q2,0.1794767866229857,0.0677235789134116,0,특이 공시 이벤트 없음
C026,2022Q3,0.1730738881872335,0.0264461916124894,0,특이 공시 이벤트 없음
C026,2022Q4,0.4643513839147173,0.0187319692310942,0,특이 공시 이벤트 없음
C026,2023Q1,0.444213774224774,0.0223202089217288,0,특이 공시 이벤트 없음
C026,2023Q2,0.3857059068674566,0.0156250904647688,0,특이 공시 이벤트 없음
C026,2023Q3,0.3930246305220014,0.0139076663055077,0,특이 공시 이벤트 없음
C026,2023Q4,0.2892374442978936,0.0218451813502032,0,특이 공시 이벤트 없음
C026,2024Q1,0.4077553631370322,0.0741442618863603,0,특이 공시 이벤트 없음
C026,2024Q2,0.4750350732548898,0.0377486723036906,0,특이 공시 이벤트 없음
C026,2024Q3,0.4296761665525783,0.0361590019062426,0,특이 공시 이벤트 없음
C026,2024Q4,0.4651173813116648,0.0698943038203062,0,특이 공시 이벤트 없음
C027,2021Q1,0.7253533206913992,0.0751286171827257,1,위험 공시/부정 이벤트 징후가 일부 관측됨
C027,2021Q2,0.4530121031242519,0.0596742168746386,0,특이 공시 이벤트 없음
C027,2021Q3,0.2575044290113299,0.0931667541193985,0,특이 공시 이벤트 없음
C027,2021Q4,0.3790761191615764,0.0725083572459279,0,특이 공시 이벤트 없음
C027,2022Q1,0.4913832712265342,0.1039444387576,0,특이 공시 이벤트 없음
C027,2022Q2,0.1982634155659705,0.0234264613041919,0,특이 공시 이벤트 없음
C027,2022Q3,0.469575805451,0.0664632226595028,0,특이 공시 이벤트 없음
C027,2022Q4,0.2943876890090121,0.0723900701973487,0,특이 공시 이벤트 없음
C027,2023Q1,0.5071776656821985,0.0536959990690763,0,특이 공시 이벤트 없음
C027,2023Q2,0.1646489628777559,0.0401030379714721,0,특이 공시 이벤트 없음
C027,2023Q3,0.5190479378421682,0.0670358961757141,0,특이 공시 이벤트 없음
C027,2023Q4,0.2827818788516684,0.0902853845419929,0,특이 공시 이벤트 없음
C027,2024Q1,0.5136389012717715,0.0515036372438021,0,특이 공시 이벤트 없음
C027,2024Q2,0.4780475414239294,0.0637252794852909,0,특이 공시 이벤트 없음
C027,2024Q3,0.2452033706190377,0.0915949503603109,0,특이 공시 이벤트 없음
C027,2024Q4,0.125523915830915,0.0280144066252679,0,특이 공시 이벤트 없음
C028,2021Q1,0.4650687248026336,0.0904010476313778,0,특이 공시 이벤트 없음
C028,2021Q2,0.4621774031289757,0.0804999187517498,0,특이 공시 이벤트 없음
C028,2021Q3,0.051275140632548,0.0440939756854218,0,특이 공시 이벤트 없음
C028,2021Q4,0.5791956768084523,0.0815263994536285,0,특이 공시 이벤트 없음
C028,2022Q1,0.2750313103766002,0.0682130376584502,0,특이 공시 이벤트 없음
C028,2022Q2,0.6664978121125043,0.0318326096119508,0,특이 공시 이벤트 없음
C028,2022Q3,0.4347337110326963,0.085327392269377,0,특이 공시 이벤트 없음
C028,2022Q4,0.0,0.0681944594413189,0,특이 공시 이벤트 없음
C028,2023Q1,0.1572226861317686,0.0647957017822807,0,특이 공시 이벤트 없음
C028,2023Q2,0.2604497362218428,0.0815303029676086,0,특이 공시 이벤트 없음
C028,2023Q3,0.3651823048635879,0.0725818590552286,0,특이 공시 이벤트 없음
C028,2023Q4,0.2639271195060567,0.0802970029383468,0,특이 공시 이벤트 없음
C028,2024Q1,0.2653491321399905,0.0840348111015417,0,특이 공시 이벤트 없음
C028,2024Q2,0.4458743998834726,0.0923013723442457,0,특이 공시 이벤트 없음
C028,2024Q3,0.2475738088301717,0.0515580455553875,0,특이 공시 이벤트 없음
C028,2024Q4,0.3428724541700454,0.1063807099098078,0,특이 공시 이벤트 없음
C029,2021Q1,0.3104353129628839,0.0341797922555,0,특이 공시 이벤트 없음
C029,2021Q2,0.3135610624455279,0.011412590756231,0,특이 공시 이벤트 없음
C029,2021Q3,0.2288787945620978,0.0256460851402697,0,특이 공시 이벤트 없음
C029,2021Q4,0.4351169645555688,0.0194241526270571,0,특이 공시 이벤트 없음
C029,2022Q1,0.2216570548730619,0.0636547344416215,0,특이 공시 이벤트 없음
C029,2022Q2,0.167742570938919,0.0145672074385525,0,특이 공시 이벤트 없음
C029,2022Q3,0.465120020082991,0.0310200941352904,0,특이 공시 이벤트 없음
C029,2022Q4,0.0456254421757609,0.0335271805125673,0,특이 공시 이벤트 없음
C029,2023Q1,0.3434236053462558,0.0091308514862353,0,특이 공시 이벤트 없음
C029,2023Q2,0.4805704421093911,0.0311577982870624,0,특이 공시 이벤트 없음
C029,2023Q3,0.4559731633695703,0.0439135594573862,0,특이 공시 이벤트 없음
C029,2023Q4,0.2348245231155181,0.0351773618831402,0,특이 공시 이벤트 없음
C029,2024Q1,0.4638953934043152,0.0684113172920782,0,특이 공시 이벤트 없음
C029,2024Q2,0.3895840217017323,0.0176559368613028,0,특이 공시 이벤트 없음
C029,2024Q3,0.3156522531570425,0.0,0,특이 공시 이벤트 없음
C029,2024Q4,0.2361224918810833,0.0347812650810851,0,특이 공시 이벤트 없음
C030,2021Q1,0.3733939512756357,0.1220291936074366,0,특이 공시 이벤트 없음
C030,2021Q2,0.3024285337233898,0.0742166916551175,0,특이 공시 이벤트 없음
C030,2021Q3,0.4976672604555446,0.0243022695320696,0,특이 공시 이벤트 없음
C030,2021Q4,0.4010424603228807,0.1105628534521604,0,특이 공시 이벤트 없음
C030,2022Q1,0.3819388003723379,0.0443068260004059,0,특이 공시 이벤트 없음
C030,2022Q2,0.7307826540947614,0.1375491983568471,1,위험 공시/부정 이벤트 징후가 일부 관측됨
C030,2022Q3,0.2578818314976074,0.0639384650669061,0,특이 공시 이벤트 없음
C030,2022Q4,0.3275459735059025,0.0818607359960855,0,특이 공시 이벤트 없음
C030,2023Q1,0.5492322488890918,0.0895138297330694,0,특이 공시 이벤트 없음
C030,2023Q2,0.7262658702590661,0.0742233998939685,1,위험 공시/부정 이벤트 징후가 일부 관측됨
C030,2023Q3,0.8074779061032351,0.0884468147658023,1,위험 공시/부정 이벤트 징후가 일부 관측됨
C030,2023Q4,0.270237947523031,0.0698953561092059,0,특이 공시 이벤트 없음
C030,2024Q1,0.7323930386946469,0.0855087841300707,1,위험 공시/부정 이벤트 징후가 일부 관측됨
C030,2024Q2,0.6545309200191746,0.039120900695613,0,특이 공시 이벤트 없음
C030,2024Q3,0.7717649669142698,0.0395216895538097,1,위험 공시/부정 이벤트 징후가 일부 관측됨
C030,2024Q4,1.0,0.0880809895548069,1,위험 공시/부정 이벤트 징후가 일부 관측됨
C031,2021Q1,0.0755104756505927,0.0319517920833252,0,특이 공시 이벤트 없음
C031,2021Q2,0.1631607095658071,0.0347313857397826,0,특이 공시 이벤트 없음
C031,2021Q3,0.2839880492374251,0.0019662903668457,0,특이 공시 이벤트 없음
C031,2021Q4,0.3148105235433456,0.0286955934004663,0,특이 공시 이벤트 없음
C031,2022Q1,0.3726735847518555,0.0,0,특이 공시 이벤트 없음
C031,2022Q2,0.6586703351878103,0.040864761705761,0,특이 공시 이벤트 없음
C031,2022Q3,0.1513470450856728,0.041256224391474,0,특이 공시 이벤트 없음
C031,2022Q4,0.6326764544022419,0.084767244859901,0,특이 공시 이벤트 없음
C031,2023Q1,0.43534334095609,0.014774861877209,0,특이 공시 이벤트 없음
C031,2023Q2,0.3510827685087764,0.0281156917560709,0,특이 공시 이벤트 없음
C031,2023Q3,0.1578923844922432,0.0655672870642723,0,특이 공시 이벤트 없음
C031,2023Q4,0.3764415553592279,0.0574780870999778,0,특이 공시 이벤트 없음
C031,2024Q1,0.3133645052443342,0.0454489776260691,0,특이 공시 이벤트 없음
C031,2024Q2,0.5378982358335531,0.0734914768242478,0,특이 공시 이벤트 없음
C031,2024Q3,0.4015403393539565,0.0149873224851082,0,특이 공시 이벤트 없음
C031,2024Q4,0.1172614996253629,0.0295175009937327,0,특이 공시 이벤트 없음
C032,2021Q1,0.147312238385547,0.0254676648154976,0,특이 공시 이벤트 없음
C032,2021Q2,0.6024420189707488,0.0658265068705693,0,특이 공시 이벤트 없음
C032,2021Q3,0.8927260135370619,0.0395547425220885,1,위험 공시/부정 이벤트 징후가 일부 관측됨
C032,2021Q4,0.3180080606480343,0.0359821705392637,0,특이 공시 이벤트 없음
C032,2022Q1,0.1698837701115398,0.0330338932906907,0,특이 공시 이벤트 없음
C032,2022Q2,0.7461359758241471,0.031456447645309,1,위험 공시/부정 이벤트 징후가 일부 관측됨
C032,2022Q3,0.1610079948421034,0.0,0,특이 공시 이벤트 없음
C032,2022Q4,0.3380755436457718,0.0007124714638962,0,특이 공시 이벤트 없음
C032,2023Q1,0.4162610321871359,0.019793399461404,0,특이 공시 이벤트 없음
C032,2023Q2,0.4241330178917743,0.0272692319012378,0,특이 공시 이벤트 없음
C032,2023Q3,0.2855401497578792,0.0,0,특이 공시 이벤트 없음
C032,2023Q4,0.4463097118703532,0.0161242615613791,0,특이 공시 이벤트 없음
C032,2024Q1,0.2769813924862435,0.0792641902259245,0,특이 공시 이벤트 없음
C032,2024Q2,0.4815280566051182,0.0748178433445694,0,특이 공시 이벤트 없음
C032,2024Q3,0.3617046088280126,0.0390503187997029,0,특이 공시 이벤트 없음
C032,2024Q4,0.3713800553437193,0.0607357394015969,0,특이 공시 이벤트 없음
C033,2021Q1,0.2571671688976996,0.0148434871430928,0,특이 공시 이벤트 없음
C033,2021Q2,0.4650097687321149,0.0289746689053634,0,특이 공시 이벤트 없음
C033,2021Q3,0.3963275837455646,0.0234277706143692,0,특이 공시 이벤트 없음
C033,2021Q4,0.3221780036143615,0.0496876647559806,0,특이 공시 이벤트 없음
C033,2022Q1,0.2276552849530172,0.0,0,특이 공시 이벤트 없음
C033,2022Q2,0.0313761998721746,0.0383698901036287,0,특이 공시 이벤트 없음
C033,2022Q3,0.4685124068668571,0.0268462445487346,0,특이 공시 이벤트 없음
C033,2022Q4,0.3712443160717855,0.0,0,특이 공시 이벤트 없음
C033,2023Q1,0.4364711209746316,0.0180986799298941,0,특이 공시 이벤트 없음
C033,2023Q2,0.3017152379321495,0.0476474265000727,0,특이 공시 이벤트 없음
C033,2023Q3,0.1374666193747369,0.0291980481160405,0,특이 공시 이벤트 없음
C033,2023Q4,0.474701205516243,0.0256314028423414,0,특이 공시 이벤트 없음
C033,2024Q1,0.2795650233541435,0.0030749012862039,0,특이 공시 이벤트 없음
C033,2024Q2,0.2592540017195798,0.0662617510057767,0,특이 공시 이벤트 없음
C033,2024Q3,0.339991529152575,0.0395086936688841,0,특이 공시 이벤트 없음
C033,2024Q4,0.1805419948527422,0.0,0,특이 공시 이벤트 없음
C034,2021Q1,0.2745087244670871,0.052037649645478,0,특이 공시 이벤트 없음
C034,2021Q2,0.505324826401413,0.0227403097559121,0,특이 공시 이벤트 없음
C034,2021Q3,0.1994846663145215,0.0254615170887469,0,특이 공시 이벤트 없음
C034,2021Q4,0.2279792080866845,0.012138810835286,0,특이 공시 이벤트 없음
C034,2022Q1,0.3150001488236605,0.022300644068962,0,특이 공시 이벤트 없음
C034,2022Q2,0.4558312509626524,0.0379633560361584,0,특이 공시 이벤트 없음
C034,2022Q3,0.2960780465726541,0.0221657807795985,0,특이 공시 이벤트 없음
C034,2022Q4,0.5140918030375267,0.02004549569872,0,특이 공시 이벤트 없음
C034,2023Q1,0.1686343139567091,0.0318294376086761,0,특이 공시 이벤트 없음
C034,2023Q2,0.0879173994012857,0.026908475125159,0,특이 공시 이벤트 없음
C034,2023Q3,0.5892670788196088,0.036132374108127,0,특이 공시 이벤트 없음
C034,2023Q4,0.5057522006373992,0.0650379919308695,0,특이 공시 이벤트 없음
C034,2024Q1,0.4291409772333886,0.0760704416962117,0,특이 공시 이벤트 없음
C034,2024Q2,0.3253256203890619,0.0357532757312908,0,특이 공시 이벤트 없음
C034,2024Q3,0.5648814915490743,0.0354336504508388,0,특이 공시 이벤트 없음
C034,2024Q4,0.6162028012381182,0.0382653599394826,0,특이 공시 이벤트 없음
C035,2021Q1,0.165530701405042,0.0770058195368299,0,특이 공시 이벤트 없음
C035,2021Q2,0.3526817648762603,0.0846394692443224,0,특이 공시 이벤트 없음
C035,2021Q3,0.2414869592496114,0.0713301358112224,0,특이 공시 이벤트 없음
C035,2021Q4,0.7543657895941159,0.0567286598130689,1,위험 공시/부정 이벤트 징후가 일부 관측됨
C035,2022Q1,0.6747824573113043,0.0316831385788221,0,특이 공시 이벤트 없음
C035,2022Q2,0.3054323639452862,0.063149193429357,0,특이 공시 이벤트 없음
C035,2022Q3,0.3484763489433037,0.0411554064869867,0,특이 공시 이벤트 없음
C035,2022Q4,0.1569046702279534,0.0208345118777781,0,특이 공시 이벤트 없음
C035,2023Q1,0.5093800119250655,0.0626262451231823,0,특이 공시 이벤트 없음
C035,2023Q2,0.5338636014627128,0.0989418790070181,0,특이 공시 이벤트 없음
C035,2023Q3,0.3306466819079283,0.0455321407645105,0,특이 공시 이벤트 없음
C035,2023Q4,0.5595227190471687,0.0039474385361116,0,특이 공시 이벤트 없음
C035,2024Q1,0.3825162195039215,0.114235572650365,0,특이 공시 이벤트 없음
C035,2024Q2,0.144177192782003,0.0724970563571971,0,특이 공시 이벤트 없음
C035,2024Q3,0.1883557764350632,0.0724237145230932,0,특이 공시 이벤트 없음
C035,2024Q4,0.6554957876886518,0.0812548493077858,0,특이 공시 이벤트 없음
C036,2021Q1,0.4172439148046115,0.0,0,특이 공시 이벤트 없음
C036,2021Q2,0.6248821524770521,0.0,0,특이 공시 이벤트 없음
C036,2021Q3,0.264663110307811,0.0869503760908252,0,특이 공시 이벤트 없음
C036,2021Q4,0.0465185939394675,0.0075123253337875,0,특이 공시 이벤트 없음
C036,2022Q1,0.4516956847064075,0.0599417278399506,0,특이 공시 이벤트 없음
C036,2022Q2,0.5148441204902766,0.0201129428389249,0,특이 공시 이벤트 없음
C036,2022Q3,0.4765991035390535,0.0228375904350558,0,특이 공시 이벤트 없음
C036,2022Q4,0.7273093739257768,0.01646004983684,1,위험 공시/부정 이벤트 징후가 일부 관측됨
C036,2023Q1,0.6468194107085297,0.0377274511112996,0,특이 공시 이벤트 없음
C036,2023Q2,0.2756256538935228,0.0151867831676744,0,특이 공시 이벤트 없음
C036,2023Q3,0.5604285643400535,0.007967338590094,0,특이 공시 이벤트 없음
C036,2023Q4,0.6080579934131143,0.0293728582661446,0,특이 공시 이벤트 없음
C036,2024Q1,0.8396189660597895,0.0046090967600329,1,위험 공시/부정 이벤트 징후가 일부 관측됨
C036,2024Q2,1.0,0.0274166811681876,1,위험 공시/부정 이벤트 징후가 일부 관측됨
C036,2024Q3,0.4477327153701663,0.0204587663991942,0,특이 공시 이벤트 없음
C036,2024Q4,0.8052443394585584,0.0,1,위험 공시/부정 이벤트 징후가 일부 관측됨
C037,2021Q1,0.2611671254127946,0.0679608469892353,0,특이 공시 이벤트 없음
C037,2021Q2,0.3774574401225702,0.0473969648239474,0,특이 공시 이벤트 없음
C037,2021Q3,0.2582612244793368,0.0556195973087287,0,특이 공시 이벤트 없음
C037,2021Q4,0.3029064125245618,0.0579317005689854,0,특이 공시 이벤트 없음
C037,2022Q1,0.3985187742664058,0.1407304790552125,0,특이 공시 이벤트 없음
C037,2022Q2,0.454303505146668,0.0674846559333718,0,특이 공시 이벤트 없음
C037,2022Q3,0.2480714255257594,0.0474832254987006,0,특이 공시 이벤트 없음
C037,2022Q4,0.2935265326043356,0.1111887902235392,0,특이 공시 이벤트 없음
C037,2023Q1,0.2817564128264087,0.0976825914775978,0,특이 공시 이벤트 없음
C037,2023Q2,0.339044721530826,0.018322244384765,0,특이 공시 이벤트 없음
C037,2023Q3,0.4528846039765105,0.0528438257995137,0,특이 공시 이벤트 없음
C037,2023Q4,0.2275610283414457,0.0833367878153481,0,특이 공시 이벤트 없음
C037,2024Q1,0.3848055613521054,0.0784099066407218,0,특이 공시 이벤트 없음
C037,2024Q2,0.3281936603158759,0.0418511223578957,0,특이 공시 이벤트 없음
C037,2024Q3,0.354270618666414,0.0773689715513825,0,특이 공시 이벤트 없음
C037,2024Q4,0.4852037874120339,0.0888180326215248,0,특이 공시 이벤트 없음
C038,2021Q1,0.322650948114803,0.0584977269964029,0,특이 공시 이벤트 없음
C038,2021Q2,0.3781883890872728,0.0477146133106305,0,특이 공시 이벤트 없음
C038,2021Q3,0.3633354254323149,0.0939567601001331,0,특이 공시 이벤트 없음
C038,2021Q4,0.2983224141950251,0.0880650674152503,0,특이 공시 이벤트 없음
C038,2022Q1,0.4376292416264041,0.0647021285022271,0,특이 공시 이벤트 없음
C038,2022Q2,0.2402097476182605,0.0417894079363667,0,특이 공시 이벤트 없음
C038,2022Q3,0.268212279699866,0.0395799218441225,0,특이 공시 이벤트 없음
C038,2022Q4,0.4325619784536939,0.0592042670077249,0,특이 공시 이벤트 없음
C038,2023Q1,0.2821691910413509,0.0687958704427407,0,특이 공시 이벤트 없음
C038,2023Q2,0.4714318273325186,0.0736376638157904,0,특이 공시 이벤트 없음
C038,2023Q3,0.2676838564160694,0.0787244139167265,0,특이 공시 이벤트 없음
C038,2023Q4,0.2617904368818933,0.0469249739886894,0,특이 공시 이벤트 없음
C038,2024Q1,0.242575420524103,0.0926751906082499,0,특이 공시 이벤트 없음
C038,2024Q2,0.3442021732413372,0.0653535157793951,0,특이 공시 이벤트 없음
C038,2024Q3,0.3870954333644682,0.065398052981317,0,특이 공시 이벤트 없음
C038,2024Q4,0.3732722192339646,0.0796699888606131,0,특이 공시 이벤트 없음
C039,2021Q1,0.2850400691109534,0.0849975108495725,0,특이 공시 이벤트 없음
C039,2021Q2,0.3667632046162189,0.0675543391990975,0,특이 공시 이벤트 없음
C039,2021Q3,0.377007570710356,0.074253040428949,0,특이 공시 이벤트 없음
C039,2021Q4,0.609698661638193,0.0871380481618205,0,특이 공시 이벤트 없음
C039,2022Q1,0.3943836921783867,0.1371094151699084,0,특이 공시 이벤트 없음
C039,2022Q2,0.4670087504195537,0.077823533412249,0,특이 공시 이벤트 없음
C039,2022Q3,0.5135761641233645,0.0845081861486254,0,특이 공시 이벤트 없음
C039,2022Q4,0.1831274827664434,0.0898433082432444,0,특이 공시 이벤트 없음
C039,2023Q1,0.3464940287006161,0.0,0,특이 공시 이벤트 없음
C039,2023Q2,0.2861404894176324,0.0913637989583269,0,특이 공시 이벤트 없음
C039,2023Q3,0.320505845244116,0.0987101936871835,0,특이 공시 이벤트 없음
C039,2023Q4,0.3173348468049897,0.1430910839401165,0,특이 공시 이벤트 없음
C039,2024Q1,0.2456269178506158,0.0748277450363706,0,특이 공시 이벤트 없음
C039,2024Q2,0.3165069388387588,0.0211180417232376,0,특이 공시 이벤트 없음
C039,2024Q3,0.2030066754523067,0.0462753040451668,0,특이 공시 이벤트 없음
C039,2024Q4,0.0986237341115358,0.0414283881802407,0,특이 공시 이벤트 없음
C040,2021Q1,0.2257609406608763,0.110610967082285,0,특이 공시 이벤트 없음
C040,2021Q2,0.3598192063337457,0.1167208293287764,0,특이 공시 이벤트 없음
C040,2021Q3,0.3002521600103824,0.0473551015859755,0,특이 공시 이벤트 없음
C040,2021Q4,0.2718999553086205,0.0782858026009137,0,특이 공시 이벤트 없음
C040,2022Q1,0.1089199052451053,0.0346325176197668,0,특이 공시 이벤트 없음
C040,2022Q2,0.2276955811425243,0.0371979476208527,0,특이 공시 이벤트 없음
C040,2022Q3,0.3909459866186385,0.0896157803345848,0,특이 공시 이벤트 없음
C040,2022Q4,0.498937499030289,0.0655928010086376,0,특이 공시 이벤트 없음
C040,2023Q1,0.6478109541667286,0.0535874937592555,0,특이 공시 이벤트 없음
C040,2023Q2,0.4194448999319196,0.04842998482059,0,특이 공시 이벤트 없음
C040,2023Q3,0.5861419788501895,0.0733882365800749,0,특이 공시 이벤트 없음
C040,2023Q4,0.2626095849655652,0.0583863909499693,0,특이 공시 이벤트 없음
C040,2024Q1,0.2509327729088726,0.0,0,특이 공시 이벤트 없음
C040,2024Q2,0.3831648570152322,0.0511072135204658,0,특이 공시 이벤트 없음
C040,2024Q3,0.5819970774975914,0.0653809069997412,0,특이 공시 이벤트 없음
C040,2024Q4,0.4815059866063795,0.0559167130754656,0,특이 공시 이벤트 없음
