company_id,quarter,revenue,operating_income,net_income,total_assets,total_debt,total_equity,current_assets,current_liabilities,operating_cash_flow,interest_expense
C001,2021Q1,113286.44,4998.86,1871.38,221867.61,128129.98,93737.63,80218.33,52943.89,736.66,611.19
C001,2021Q2,108594.82,4825.98,1363.2,214455.2,102890.54,111564.66,77890.98,40570.9,110.77,1479.34
C001,2021Q3,108909.53,8676.6,5457.07,149836.11,76729.55,73106.56,46916.59,40075.42,5302.59,910.3
C001,2021Q4,110246.79,3888.37,2282.52,194438.67,108592.86,85845.8,80185.97,20415.07,4733.93,554.23
C001,2022Q1,108164.16,3479.85,1027.21,198001.84,105759.2,92242.64,108713.52,31446.59,5067.84,1134.36
C001,2022Q2,113871.94,6603.13,4818.28,197804.61,118005.99,79798.62,97876.62,37555.8,7565.96,818.6
C001,2022Q3,108855.75,3710.56,1492.68,223291.45,128081.99,95209.45,56974.25,33938.24,3785.13,618.31
C001,2022Q4,107950.27,4125.04,1870.4,251186.14,166702.07,84484.07,89418.53,87048.34,2864.11,2085.38
C001,2023Q1,100897.75,3164.29,1496.4,263346.03,143304.17,120041.86,88504.56,53937.51,2014.3,1234.24
C001,2023Q2,105495.82,10197.97,4854.8,152810.12,105001.56,47808.56,55748.77,24489.79,13100.62,763.45
C001,2023Q3,106862.34,4050.39,1821.72,287193.44,155119.53,132073.91,76418.09,38338.48,7372.57,1794.5
C001,2023Q4,107677.8,4473.49,2691.11,271898.49,159485.76,112412.73,146343.56,36647.33,4467.64,2530.02
C001,2024Q1,111456.55,138.74,-497.15,205647.25,106986.28,98660.98,74000.99,56818.0,4026.85,847.91
C001,2024Q2,112640.65,1093.56,-523.69,160465.03,104894.46,55570.58,45762.29,47046.71,-2875.37,530.88
C001,2024Q3,105480.65,2413.18,1490.73,227882.09,141273.52,86608.57,96260.7,52747.82,3490.84,1466.74
C001,2024Q4,101604.64,5770.96,2400.37,253636.14,152089.41,101546.73,97586.77,45070.6,4589.82,2591.89
C001,2025Q1,100424.84,7215.9,4254.7,140736.74,101763.19,38973.55,68358.27,22908.02,6020.83,324.07
C001,2025Q2,100644.65,2168.89,530.95,169349.16,103468.74,65880.42,49005.45,56873.53,2481.81,450.77
C001,2025Q3,102089.38,4908.78,2531.67,227666.75,115114.52,112552.23,77011.59,56898.95,4426.67,1947.38
C001,2025Q4,99782.25,2582.39,1088.65,240159.7,164908.49,75251.21,114381.13,33008.93,3481.73,2681.77
C002,2021Q1,269021.33,20663.47,14549.41,390712.12,277306.53,113405.59,156086.65,98566.51,13462.62,1988.6
C002,2021Q2,257503.86,9731.25,4747.4,516559.32,404969.21,111590.1,238551.97,157668.93,8669.64,5178.14
C002,2021Q3,279092.9,18393.35,15190.35,581760.14,390271.31,191488.84,213125.94,191167.17,19897.39,1592.65
C002,2021Q4,285932.67,7672.6,5861.72,417788.21,281775.53,136012.68,122946.23,88764.97,23208.99,4108.73
C002,2022Q1,299979.51,24246.37,13388.97,864398.78,569989.49,294409.3,484457.31,311453.09,24161.09,5066.4
C002,2022Q2,315522.1,11062.75,6380.06,693188.42,397861.77,295326.65,194870.98,107485.13,14180.08,5067.66
C002,2022Q3,332135.33,23083.16,18722.08,912122.94,613314.22,298808.72,514985.97,187685.55,17342.9,2805.73
C002,2022Q4,334206.77,23546.13,14487.09,405203.84,297150.89,108052.94,206703.55,123167.51,38064.03,3019.82
C002,2023Q1,365713.71,11422.18,7412.22,1041803.42,671204.99,370598.42,371553.41,303041.53,9178.09,3260.75
C002,2023Q2,365547.24,27651.47,19280.99,1013294.34,773539.03,239755.31,267184.61,245907.95,8589.15,10156.25
C002,2023Q3,389957.96,14650.98,7209.17,916942.69,683931.82,233010.86,365403.09,349752.41,6830.2,10800.46
C002,2023Q4,380084.66,21146.9,12985.08,977818.61,822126.19,155692.41,351676.34,272073.23,18333.13,14768.43
C002,2024Q1,370386.42,20466.28,10603.1,844006.38,667073.78,176932.6,342279.41,356822.72,15344.47,4848.37
C002,2024Q2,379275.85,11600.68,6776.66,555354.91,477922.23,77432.69,254214.31,226071.81,18941.07,4847.98
C002,2024Q3,380272.07,20599.98,14297.96,1076784.74,719305.52,357479.21,285562.52,194963.91,5314.77,7726.29
C002,2024Q4,395964.05,18880.22,13034.62,550595.79,360921.04,189674.75,137900.15,132826.85,4471.83,3417.89
C002,2025Q1,426694.34,26675.09,23184.78,846266.43,630031.39,216235.04,258676.55,124449.08,19625.59,1977.6
C002,2025Q2,412145.78,26119.91,21138.75,608600.81,423167.25,185433.56,344791.76,115980.62,22797.99,5099.74
C002,2025Q3,435568.41,34753.85,19919.96,779237.86,563102.16,216135.7,242522.57,252448.74,51402.76,4368.15
C002,2025Q4,431687.99,28515.77,14259.52,947074.24,680284.75,266789.49,551198.93,344047.7,17041.38,4828.53
C003,2021Q1,362847.23,61328.36,44662.24,1042027.94,482436.13,559591.82,458904.66,89064.39,69739.16,4399.54
C003,2021Q2,383802.28,47861.91,32993.75,1033664.65,500272.54,533392.11,456153.33,227341.39,53858.75,5777.65
C003,2021Q3,383651.41,72887.11,48530.09,1039262.13,509225.95,530036.19,382530.59,206355.78,64303.69,6124.27
C003,2021Q4,394706.25,45674.73,39920.86,540025.9,258467.11,281558.8,311045.92,73120.85,20987.03,2799.25
C003,2022Q1,373471.33,57896.14,36568.87,1004790.38,498032.49,506757.9,617233.07,270668.54,62298.86,2523.48
C003,2022Q2,379080.28,56084.85,46593.52,928640.55,474402.56,454237.99,359721.43,156456.23,59566.55,2894.9
C003,2022Q3,388465.64,63121.92,38970.12,1028373.01,584427.06,443945.94,459080.77,158911.78,43063.56,9993.87
C003,2022Q4,392127.45,57804.82,50235.22,1105975.62,553763.89,552211.74,503367.25,142237.24,49411.62,2649.37
C003,2023Q1,352712.85,52988.19,42094.25,514922.35,263010.11,251912.23,193772.08,52217.89,38429.37,3245.71
C003,2023Q2,334964.45,44498.78,24653.54,475432.15,221150.48,254281.67,230082.84,71958.64,46491.88,3072.38
C003,2023Q3,341469.55,48379.15,26515.69,927851.0,430492.54,497358.46,458542.49,125668.39,70951.67,6060.33
C003,2023Q4,329795.48,40751.0,28400.71,447179.66,233575.02,213604.64,220254.57,99333.99,14832.19,1393.78
C003,2024Q1,333915.32,46119.28,39656.09,708412.82,251945.11,456467.71,426876.33,102219.77,33570.41,1967.03
C003,2024Q2,324777.08,48322.05,40437.0,690389.12,361790.47,328598.65,334089.6,109847.24,31345.06,6099.11
C003,2024Q3,339944.76,47148.57,30219.36,746564.36,353052.82,393511.54,247095.59,170150.53,49952.98,1098.91
C003,2024Q4,320790.82,39028.25,22834.46,722881.74,323077.1,399804.64,443056.98,66478.62,28011.05,2280.76
C003,2025Q1,322219.24,51738.87,38687.56,934119.13,446602.17,487516.96,266432.88,200659.26,71832.09,4429.46
C003,2025Q2,339719.18,56395.74,44496.17,691375.29,323355.03,368020.26,209656.94,163376.89,32356.6,3559.36
C003,2025Q3,364952.66,55045.17,31713.09,948625.77,442382.23,506243.53,524688.66,94811.25,54879.28,3035.53
C003,2025Q4,370383.16,62480.04,35879.85,554866.97,301812.25,253054.72,220530.46,164923.41,36205.82,2936.92
C004,2021Q1,174036.81,21508.36,11199.58,352690.2,167010.26,185679.95,142805.23,76896.0,21622.7,1466.44
C004,2021Q2,172806.4,22494.06,17101.99,468901.32,268423.49,200477.82,199824.15,141231.16,19991.84,3163.79
C004,2021Q3,179970.12,22931.27,14542.55,232874.08,143786.52,89087.55,81035.21,58360.0,15239.77,2436.46
C004,2021Q4,196668.64,29741.06,26566.1,370159.96,194063.07,176096.9,222465.71,76351.89,30979.87,3430.94
C004,2022Q1,216874.66,36728.72,27138.67,410920.64,223227.56,187693.09,198994.57,116726.73,43438.5,1772.19
C004,2022Q2,226849.48,40271.37,23305.23,422272.24,223083.02,199189.22,193480.41,102517.72,25612.8,3772.91
C004,2022Q3,237137.96,30337.22,22966.17,295261.69,163032.4,132229.29,166909.59,59290.72,26863.11,2412.84
C004,2022Q4,229058.36,32295.57,27129.72,608056.39,249970.39,358086.0,285714.08,126213.69,14563.61,3790.66
C004,2023Q1,227782.56,33532.1,27747.7,390978.34,230958.26,160020.08,101212.18,86047.95,34749.38,1258.92
C004,2023Q2,233884.21,33059.63,21919.6,657318.4,326523.56,330794.83,361077.32,176497.2,23128.55,5247.6
C004,2023Q3,242956.26,26261.81,15763.23,310181.06,159520.42,150660.64,173659.84,35649.09,24839.05,851.26
C004,2023Q4,256362.96,28919.57,17254.53,348727.02,193642.31,155084.71,178514.15,94324.55,37737.34,3321.11
C004,2024Q1,236912.67,26893.7,17785.69,441975.19,245504.28,196470.91,123156.98,115031.48,20005.43,2991.06
C004,2024Q2,231341.82,33514.32,18678.62,302516.07,134833.28,167682.79,139269.56,69790.52,30995.35,812.78
C004,2024Q3,246077.76,35353.42,22869.31,521392.12,262769.68,258622.43,192222.48,110804.98,40153.21,1689.53
C004,2024Q4,253498.75,30335.52,26417.5,510168.55,224814.8,285353.75,140156.33,89789.67,20795.19,845.87
C004,2025Q1,259581.65,42198.19,31246.58,589980.1,346710.28,243269.82,292120.36,148595.19,47151.13,3250.83
C004,2025Q2,280798.99,38604.56,29887.29,467080.21,283193.15,183887.06,281993.73,67155.44,29101.17,3098.38
C004,2025Q3,295459.7,38119.69,21738.58,708674.26,325514.2,383160.06,303323.6,152802.27,45132.25,3165.17
C004,2025Q4,309209.25,56704.47,36305.35,601720.24,321488.04,280232.2,232643.67,85939.86,57058.56,3365.65
C005,2021Q1,87323.9,12002.34,9852.76,138216.44,67939.2,70277.24,77912.56,37236.45,13479.52,524.17
C005,2021Q2,87727.53,7996.23,3036.16,165357.21,60195.63,105161.58,83024.52,15109.76,6799.69,419.6
C005,2021Q3,87761.46,12376.05,8200.77,221057.49,103251.37,117806.13,86207.49,50489.56,8704.39,1194.36
C005,2021Q4,82544.82,6778.1,3782.69,156594.37,56906.73,99687.63,89082.05,23766.15,7627.68,522.27
C005,2022Q1,78280.52,9672.68,6356.09,199873.86,86650.84,113223.02,109332.32,24126.32,7109.44,435.47
C005,2022Q2,78174.64,11254.43,5544.73,206904.43,63298.45,143605.98,69154.63,12577.3,11116.32,777.54
C005,2022Q3,77164.59,7446.37,5009.9,130358.25,63287.94,67070.32,44085.24,23167.42,8534.18,564.94
C005,2022Q4,77451.86,6710.44,3909.3,222528.1,84689.87,137838.23,108180.41,30094.98,7246.78,777.93
C005,2023Q1,75705.03,6420.93,3806.48,197613.76,84925.05,112688.71,65500.74,37656.58,7924.3,325.11
C005,2023Q2,70589.48,7190.87,3601.48,178221.43,104984.02,73237.4,59771.21,19952.99,8083.18,1315.81
C005,2023Q3,67532.33,4269.41,2901.25,192668.98,87507.27,105161.71,113887.03,26505.98,1045.97,380.66
C005,2023Q4,65996.09,7071.34,5014.89,137774.28,49608.39,88165.9,57250.08,15281.55,5953.89,741.57
C005,2024Q1,62957.47,7059.99,4218.3,149280.51,61123.19,88157.32,53615.16,23866.68,6107.1,753.52
C005,2024Q2,59097.48,6165.61,3144.65,115218.6,70878.2,44340.4,38910.82,34518.21,5831.83,715.04
C005,2024Q3,59502.47,6673.21,3312.56,121323.24,63010.65,58312.59,73523.58,21846.63,5723.74,279.0
C005,2024Q4,57302.78,6051.37,4066.1,131260.86,55393.37,75867.49,69708.43,14698.7,7164.5,794.42
C005,2025Q1,57919.21,7985.2,4805.56,154178.03,75970.13,78207.9,50173.91,28531.38,9827.63,729.1
C005,2025Q2,58630.97,7358.49,4974.41,145029.34,56930.86,88098.48,54001.75,12927.5,3263.37,551.9
C005,2025Q3,57760.51,8131.69,3656.19,71445.7,36381.1,35064.6,21969.33,14713.59,5750.72,148.32
C005,2025Q4,59391.62,7019.82,4642.59,167505.28,56430.02,111075.27,60486.26,20121.6,3696.74,208.2
C006,2021Q1,321938.4,12870.92,7303.9,612868.18,250059.56,362808.62,340162.53,130657.14,12775.25,817.17
C006,2021Q2,340397.11,20770.32,16580.57,764209.36,304193.94,460015.42,352744.93,72040.58,14733.26,4242.51
C006,2021Q3,363905.83,7108.09,3549.76,890859.23,315370.87,575488.37,506041.56,100897.92,3218.05,3872.73
C006,2021Q4,369067.94,14418.7,9098.28,621771.74,204208.22,417563.51,350000.77,76052.58,23138.79,3531.71
C006,2022Q1,392611.73,24369.56,13833.94,747690.34,314675.51,433014.83,264282.7,60372.42,13359.09,4018.41
C006,2022Q2,407102.55,16487.55,8321.44,727171.93,281151.25,446020.68,208775.67,132040.89,21830.91,3379.6
C006,2022Q3,415089.6,25774.36,14895.24,1195043.22,513105.9,681937.32,498844.42,252336.35,9521.77,9066.93
C006,2022Q4,438135.52,21740.8,18858.83,901563.26,320059.47,581503.79,374918.12,90708.16,26776.5,3508.12
C006,2023Q1,468366.15,11584.23,6806.75,839810.06,461895.67,377914.39,354910.81,144887.71,19471.79,2867.2
C006,2023Q2,491746.02,14821.36,10132.58,1186630.97,413176.83,773454.15,446611.3,99268.59,10498.88,2342.17
C006,2023Q3,499900.7,18674.3,10864.0,927208.4,283404.02,643804.38,344302.0,60421.9,-934.11,4066.77
C006,2023Q4,522610.85,19088.87,12150.5,1343568.66,654671.07,688897.59,797837.44,140692.97,26467.16,2879.94
C006,2024Q1,538427.13,22163.19,11746.78,888869.35,412770.04,476099.31,362025.8,208606.69,18700.18,3875.73
C006,2024Q2,541596.26,23370.99,19108.44,1542797.43,636143.37,906654.05,938035.37,311780.56,17875.25,3530.39
C006,2024Q3,543191.24,10254.87,8367.32,1124847.52,485037.56,639809.96,557116.78,108605.06,14803.44,2808.18
C006,2024Q4,572325.95,30936.85,17694.49,1591280.59,621730.63,969549.96,583117.54,193613.76,23383.45,3637.55
C006,2025Q1,597750.43,5652.7,3765.44,1607742.01,687639.54,920102.47,592387.91,217491.68,13915.03,2688.3
C006,2025Q2,605090.87,24473.73,19403.86,1330463.6,665051.97,665411.63,589571.85,343582.54,34449.78,6275.75
C006,2025Q3,629845.65,26356.82,21472.59,1411576.6,621338.01,790238.58,792894.36,311632.02,17069.53,3879.66
C006,2025Q4,636078.85,35709.96,28792.26,1079381.05,549163.18,530217.87,552673.6,222901.57,33593.05,1973.06
C007,2021Q1,213911.66,16555.2,8884.6,322407.77,141004.14,181403.63,114894.85,34486.61,10060.91,2367.27
C007,2021Q2,230685.48,27377.93,18859.16,424565.08,201662.9,222902.19,127910.76,68263.95,31494.85,1722.92
C007,2021Q3,241943.92,44758.94,37473.13,300103.87,113822.57,186281.3,169811.72,30372.45,43582.78,1699.7
C007,2021Q4,246992.67,36072.14,27995.71,472145.53,256258.76,215886.78,209129.3,89953.06,33726.71,1733.03
C007,2022Q1,238442.32,33894.22,18573.17,595110.84,342032.06,253078.78,158659.95,156235.54,27402.15,4905.13
C007,2022Q2,249140.66,37092.29,29456.65,676995.02,228539.64,448455.38,231186.23,88141.94,34148.48,3880.41
C007,2022Q3,249703.23,28810.78,24952.81,383685.8,154166.45,229519.35,109682.64,79103.25,33000.77,2062.39
C007,2022Q4,247269.11,23931.26,17971.01,614563.96,178862.6,435701.37,190111.71,45590.28,17809.94,2070.07
C007,2023Q1,242969.11,25978.07,14698.29,509404.09,135684.28,373719.81,255338.33,28961.94,16783.8,1900.97
C007,2023Q2,241168.5,36326.27,20305.47,368539.92,197207.06,171332.86,220878.19,72356.6,18608.92,1592.36
C007,2023Q3,239746.25,28112.44,19671.0,373994.53,171233.83,202760.7,162493.9,32968.47,32589.83,2643.38
C007,2023Q4,233787.33,17924.85,10016.57,613058.0,244863.9,368194.1,204686.89,93779.74,10498.3,2803.63
C007,2024Q1,233097.17,16865.08,11913.18,286247.92,148185.45,138062.47,133584.29,69520.07,13262.24,1577.59
C007,2024Q2,226210.05,30798.56,21255.59,636781.98,239306.62,397475.37,322418.94,45292.34,27159.46,829.18
C007,2024Q3,239757.03,29175.41,26088.78,514972.2,210803.64,304168.56,286276.49,80469.19,27674.76,3348.51
C007,2024Q4,237688.52,34044.74,19925.89,447812.41,189591.01,258221.41,259936.39,79903.11,17553.89,3166.13
C007,2025Q1,239478.1,27921.91,15744.55,382048.72,167596.31,214452.4,145160.36,85148.79,21383.38,2445.8
C007,2025Q2,253880.29,41767.26,35637.08,487003.74,211876.6,275127.14,183484.93,60758.71,33276.66,2213.79
C007,2025Q3,249452.71,38371.44,30348.59,665284.09,311586.87,353697.22,383335.61,140177.28,45672.81,4890.4
C007,2025Q4,237568.23,37374.08,22148.05,445236.03,187432.34,257803.7,151831.27,67830.98,40703.78,759.42
C008,2021Q1,228984.97,48944.67,28574.96,385846.63,261825.19,124021.44,130551.43,112170.96,36073.35,4511.17
C008,2021Q2,229498.25,45772.25,30069.99,552230.0,377842.56,174387.43,320414.45,100158.8,31970.8,6642.44
C008,2021Q3,227981.18,42862.41,35054.6,432612.59,249420.98,183191.61,226732.97,117313.24,25852.93,4088.9
C008,2021Q4,237562.46,53570.13,40010.42,626094.59,420335.25,205759.34,333696.17,131736.89,51758.24,2437.92
C008,2022Q1,241659.2,53884.36,41697.2,505710.18,314037.21,191672.97,298404.7,68206.73,45584.27,5392.67
C008,2022Q2,254633.96,48995.46,31957.58,528080.77,319111.2,208969.57,158441.08,71248.11,31385.93,2639.42
C008,2022Q3,250025.24,41932.34,36199.66,546412.67,325580.24,220832.43,208028.66,140458.42,57968.38,3381.78
C008,2022Q4,251431.55,46183.8,38376.17,318792.33,182913.65,135878.68,145595.48,52045.83,38670.23,3082.04
C008,2023Q1,251024.11,42276.9,33715.14,493780.98,317788.83,175992.16,274429.6,137609.72,41463.91,2242.65
C008,2023Q2,258624.58,51468.45,28213.04,475868.72,282667.13,193201.59,194910.0,136123.04,39305.33,4831.68
C008,2023Q3,258594.06,49989.73,33740.2,719462.72,434491.39,284971.32,345298.66,151794.79,21086.61,2716.4
C008,2023Q4,267122.86,50337.52,31457.4,748030.47,400582.79,347447.68,222118.47,93825.43,72543.69,4868.82
C008,2024Q1,273933.87,48118.82,42588.89,630847.06,418347.9,212499.16,171156.62,218151.62,39864.38,2191.21
C008,2024Q2,268094.27,54665.8,29867.79,628961.3,342155.81,286805.49,294493.7,148180.85,68977.09,4605.16
C008,2024Q3,260828.48,35869.9,18288.95,411644.67,232643.94,179000.74,128597.22,66287.8,34893.5,3483.9
C008,2024Q4,257198.42,48373.47,26333.42,708281.77,394936.76,313345.01,431218.71,85812.56,47061.83,4401.22
C008,2025Q1,272486.12,50355.0,41057.96,655874.52,466106.56,189767.96,376332.25,189721.22,48099.5,5636.98
C008,2025Q2,272570.82,56394.77,40907.97,546206.89,316084.7,230122.19,179009.61,171419.06,40647.76,3765.02
C008,2025Q3,280319.96,52323.13,43820.48,669102.27,416674.63,252427.64,342787.43,221177.0,36363.26,2716.75
C008,2025Q4,307776.78,52085.77,34253.06,403057.59,241467.13,161590.46,135079.98,131499.35,66895.92,742.46
C009,2021Q1,376621.35,63076.39,44605.78,549049.27,166739.16,382310.12,192091.89,66892.14,66461.76,2708.2
C009,2021Q2,395752.23,84031.55,66094.35,1084983.36,196138.45,888844.91,516511.44,79486.85,67794.69,923.54
C009,2021Q3,405356.29,65513.92,57352.13,519141.81,84513.73,434628.08,204750.66,23270.37,49790.77,501.28
C009,2021Q4,417772.5,86843.86,54353.86,967545.57,274888.57,692657.0,468297.0,65701.79,90374.42,1949.66
C009,2022Q1,422681.37,83216.77,72522.31,1154714.37,194241.39,960472.98,307031.99,86807.73,110995.8,748.27
C009,2022Q2,431384.41,74800.54,58385.53,652445.84,135702.73,516743.12,307599.21,42193.74,43597.75,1082.4
C009,2022Q3,450556.05,102175.13,80650.47,685093.96,217927.97,467165.99,324412.31,118779.18,122400.01,3872.31
C009,2022Q4,455530.2,78376.99,47687.84,609010.35,186044.0,422966.36,346957.8,43352.08,52851.12,633.08
C009,2023Q1,465182.12,89479.04,76636.49,1071764.46,266474.82,805289.64,433186.31,48322.01,48234.21,1180.56
C009,2023Q2,460127.2,89126.86,58821.29,1187210.65,239450.7,947759.95,602336.37,55416.53,91054.47,1418.16
C009,2023Q3,456225.65,89310.08,57392.19,797271.22,182537.84,614733.38,365387.31,94935.95,57027.5,2070.58
C009,2023Q4,462127.77,87844.99,72782.21,797111.44,193237.24,603874.2,211952.57,40453.69,84435.44,1962.56
C009,2024Q1,436660.35,77648.68,60844.29,1132556.72,315231.96,817324.77,506640.96,94511.58,45433.82,1104.62
C009,2024Q2,448624.83,86419.49,68353.78,913248.43,245332.19,667916.23,554825.68,112810.82,61048.46,833.44
C009,2024Q3,429422.31,87484.87,75885.4,965464.24,244266.06,721198.19,264218.45,110618.41,47026.68,1873.12
C009,2024Q4,446291.06,84643.22,51645.02,744168.25,170449.53,573718.72,252860.48,53806.55,64359.49,2769.28
C009,2025Q1,443099.78,79286.28,58708.89,827536.3,153835.07,673701.23,242432.34,29894.36,43165.59,1283.72
C009,2025Q2,425719.59,94212.33,61567.72,979409.8,220531.23,758878.57,404677.92,112537.36,59493.19,1201.38
C009,2025Q3,476818.35,101919.95,75515.27,1127637.56,205109.07,922528.49,675991.63,70256.15,76530.95,2764.77
C009,2025Q4,486266.65,107512.83,89645.82,1333457.7,283193.12,1050264.58,734238.98,105031.4,77738.27,1277.82
C010,2021Q1,321245.0,62414.92,36803.54,432656.44,290034.36,142622.08,256127.08,140375.72,56687.71,5153.65
C010,2021Q2,321639.17,56371.95,31155.76,866575.39,562815.43,303759.96,434377.38,258851.41,34069.04,7529.45
C010,2021Q3,323416.09,66062.26,45481.2,391791.69,271130.84,120660.85,206862.02,128358.14,61687.82,2075.63
C010,2021Q4,302444.88,57602.35,49526.96,590267.32,430642.45,159624.86,330655.79,167219.94,70014.12,2639.7
C010,2022Q1,291043.27,58925.65,39113.28,554101.82,410126.38,143975.45,138657.14,171680.15,56337.02,4285.16
C010,2022Q2,287548.25,58145.9,44024.53,610665.46,410654.69,200010.77,270352.07,205840.04,36710.97,4348.61
C010,2022Q3,270804.57,57233.84,44310.6,430065.92,264789.22,165276.7,132092.39,77404.66,71269.4,4312.97
C010,2022Q4,282386.53,59839.37,39238.25,479265.04,335239.48,144025.55,208175.14,175183.28,57736.23,4581.4
C010,2023Q1,286329.36,55481.5,45000.06,493055.79,300340.96,192714.84,182064.94,97069.1,62125.91,4258.6
C010,2023Q2,283281.19,61418.2,49994.48,727069.69,439341.49,287728.2,398591.61,93191.43,41783.41,7047.85
C010,2023Q3,270383.88,48907.88,28880.83,415911.62,316322.83,99588.79,204935.3,95269.94,47348.46,3808.01
C010,2023Q4,272492.93,43995.45,33549.49,737032.59,509092.97,227939.61,359531.87,127382.3,33190.58,6100.4
C010,2024Q1,264223.62,48986.81,40565.83,340338.17,229137.05,111201.12,129163.78,74252.68,44274.8,1709.35
C010,2024Q2,252892.89,35556.2,29424.95,595579.54,349133.49,246446.05,241406.2,90129.43,22444.5,4062.98
C010,2024Q3,264139.2,50330.58,27414.56,393753.88,248928.23,144825.64,169395.61,61797.55,43785.88,4302.55
C010,2024Q4,266314.96,45405.4,25588.83,514266.22,346835.76,167430.46,175006.46,136098.54,42987.23,1837.02
C010,2025Q1,264192.6,45450.39,37043.29,677142.31,499661.05,177481.26,288345.3,207942.04,34560.55,4731.99
C010,2025Q2,260322.41,43094.09,32086.14,743854.78,498055.2,245799.58,385430.14,236299.37,40755.32,2905.86
C010,2025Q3,256028.05,52479.85,37483.59,634240.52,380814.94,253425.58,239243.08,105414.27,41778.88,2085.41
C010,2025Q4,250513.8,53109.9,39423.39,709991.91,484588.7,225403.21,392335.77,229306.06,54240.32,2022.62
C011,2021Q1,391205.14,35254.38,20340.73,903782.9,499061.29,404721.61,486229.21,166513.86,26769.82,3044.0
C011,2021Q2,403470.83,47471.36,27448.63,526413.07,319442.91,206970.17,207615.05,108064.7,41067.34,4987.83
C011,2021Q3,382085.99,33706.07,25090.15,861820.52,471317.63,390502.9,365383.84,135463.49,38845.59,1696.33
C011,2021Q4,367039.94,41800.34,25921.85,705020.98,413896.44,291124.54,271923.03,134373.73,47447.44,6235.09
C011,2022Q1,357194.24,31656.75,23172.02,805184.21,476180.53,329003.68,311712.94,121599.87,32919.22,8564.39
C011,2022Q2,367960.22,28012.3,24801.51,1058885.28,535330.84,523554.43,628664.54,146822.94,12689.97,5748.32
C011,2022Q3,372162.78,36013.48,27796.63,683449.14,371424.4,312024.75,376426.69,187961.65,45211.48,3962.95
C011,2022Q4,374416.96,38746.74,22864.62,669532.95,373744.84,295788.12,218750.3,144721.95,40194.59,1899.66
C011,2023Q1,341301.68,31461.08,22544.1,451941.5,273132.28,178809.22,144904.88,110638.04,21844.32,1678.78
C011,2023Q2,357048.39,19685.68,16121.48,492799.7,289662.42,203137.28,180733.6,66042.86,16901.36,2367.41
C011,2023Q3,369224.34,34025.0,20940.83,530566.35,270600.28,259966.08,260599.2,57452.7,20241.84,1762.52
C011,2023Q4,366923.76,35293.3,22951.73,449120.25,211891.86,237228.39,187589.0,64770.07,16230.59,1770.72
C011,2024Q1,351954.16,30702.17,17243.76,448074.79,225287.29,222787.5,202914.08,61441.54,32178.35,3113.26
C011,2024Q2,348664.46,37709.12,31820.52,628851.96,362091.47,266760.49,284286.12,81791.88,36008.95,5685.74
C011,2024Q3,343106.69,27115.75,16779.29,830243.81,434462.19,395781.61,413082.7,166160.73,32414.65,6840.55
C011,2024Q4,327455.38,19690.81,15746.57,779954.57,412429.43,367525.14,247225.04,134186.97,24624.27,2318.8
C011,2025Q1,330974.77,39747.1,25258.41,916628.01,504687.55,411940.46,438421.78,104521.3,33513.81,7303.94
C011,2025Q2,327372.99,30880.67,23164.81,563056.43,332531.45,230524.98,160656.25,147457.87,33837.75,3584.26
C011,2025Q3,310836.99,26898.62,17820.07,794797.8,444094.09,350703.71,311991.05,243677.51,21317.73,4524.92
C011,2025Q4,310922.76,32879.41,26770.1,793693.97,443651.68,350042.29,353765.35,85353.67,32429.37,3029.31
C012,2021Q1,65561.74,3301.73,2115.24,149866.56,43107.32,106759.24,38542.72,14205.47,4912.48,751.37
C012,2021Q2,69229.05,2721.79,1897.28,165389.6,52524.42,112865.19,97572.47,25134.44,1780.69,212.42
C012,2021Q3,74554.14,4032.04,2211.05,115453.5,53928.33,61525.17,33383.54,21967.07,4368.15,315.53
C012,2021Q4,77163.54,2976.04,2137.31,220612.16,97501.22,123110.94,69986.99,18058.69,1863.95,611.93
C012,2022Q1,85569.28,4970.12,2492.6,158587.37,99560.78,59026.6,78098.5,46765.17,2463.96,1058.52
C012,2022Q2,88604.15,3701.22,1353.96,116966.89,52391.29,64575.6,49373.15,27965.91,374.26,854.78
C012,2022Q3,93851.49,3307.01,2399.73,119333.38,52596.46,66736.92,67661.14,15093.51,3588.01,438.15
C012,2022Q4,102079.52,6381.36,3443.16,224862.57,83191.7,141670.86,89741.8,28666.97,6791.89,1108.19
C012,2023Q1,110971.94,3826.73,2064.54,283718.32,117053.74,166664.58,156982.27,21202.25,6449.1,1734.49
C012,2023Q2,117395.71,5246.35,2886.87,324554.05,159129.71,165424.35,193984.82,32624.68,7512.78,645.22
C012,2023Q3,118541.34,1422.68,6.28,319018.23,138286.58,180731.65,177998.82,34250.01,215.84,522.62
C012,2023Q4,121408.68,4428.02,2735.32,170072.01,80379.67,89692.34,79567.37,18828.98,4606.35,384.41
C012,2024Q1,129106.13,3267.81,1725.8,258434.94,69312.86,189122.08,152128.39,20253.36,6519.89,813.04
C012,2024Q2,134341.96,5437.53,3174.84,331720.08,135760.87,195959.21,116453.42,47962.27,3659.51,1172.17
C012,2024Q3,140049.38,5517.77,2173.1,240664.27,93384.96,147279.31,114804.02,24702.33,5602.64,541.74
C012,2024Q4,155381.58,2309.65,1485.81,264748.25,97759.82,166988.44,70190.56,28979.38,1913.17,454.05
C012,2025Q1,165355.03,8901.99,5939.71,240304.23,79945.11,160359.12,64071.91,38778.65,6319.77,632.17
C012,2025Q2,176956.16,7857.04,5942.32,361452.73,139217.84,222234.88,162089.25,37310.26,1082.44,1376.58
C012,2025Q3,191704.1,8429.3,4809.12,554679.76,286423.61,268256.16,194367.34,89453.34,3922.48,4537.79
C012,2025Q4,198635.64,16806.92,13110.63,437252.34,190310.33,246942.01,251266.19,42847.52,10051.17,1801.9
C013,2021Q1,260084.76,33238.43,25066.88,534570.42,102262.05,432308.37,265414.4,51162.14,31496.37,381.44
C013,2021Q2,261296.03,42410.4,23247.13,314279.67,117742.34,196537.32,107684.58,53697.4,39152.64,396.47
C013,2021Q3,272383.76,50647.99,36709.0,467370.46,135489.85,331880.61,144986.45,42645.71,59567.79,2075.79
C013,2021Q4,288863.95,49426.68,34464.86,662766.33,194963.04,467803.29,223429.96,70926.19,54906.02,1202.94
C013,2022Q1,280878.45,48426.82,37915.26,746341.67,158343.82,587997.85,215962.05,85522.25,60138.64,2078.67
C013,2022Q2,303353.49,55423.48,41421.04,420375.43,95528.33,324847.09,135446.21,26562.41,47376.99,753.67
C013,2022Q3,300725.73,49186.62,35050.26,500406.92,112203.76,388203.16,295143.3,29125.63,26582.54,1757.81
C013,2022Q4,305537.15,44565.5,38023.33,409798.87,127940.3,281858.57,164391.3,61415.51,39064.59,971.99
C013,2023Q1,320997.46,49066.55,38050.56,575028.48,177857.67,397170.81,240155.11,88383.31,46246.07,1186.03
C013,2023Q2,336004.0,53900.47,37414.83,616602.52,172540.66,444061.86,221895.1,36576.13,43822.85,1414.16
C013,2023Q3,353678.8,52135.74,30616.4,750935.56,226781.35,524154.22,357899.53,46707.71,37902.56,1562.36
C013,2023Q4,396074.03,61790.37,34759.17,905099.64,308989.7,596109.94,301838.11,144694.08,52586.76,1095.83
C013,2024Q1,361897.25,44432.47,32188.99,1043005.18,264722.46,778282.72,620464.98,96786.47,34059.62,2808.67
C013,2024Q2,372820.83,53436.71,37633.44,494918.7,115773.34,379145.36,138730.84,32647.64,48729.63,2079.84
C013,2024Q3,377482.52,60094.41,32894.48,1066067.17,334258.36,731808.81,338090.57,83359.57,65396.55,4803.3
C013,2024Q4,381856.8,66595.41,49247.15,900282.09,255102.38,645179.71,538392.16,86319.1,45610.85,2680.9
C013,2025Q1,391361.77,55132.06,37030.8,1074387.52,383755.57,690631.95,387603.59,165954.02,65685.28,5909.15
C013,2025Q2,423122.61,65629.42,42714.0,979552.65,275505.23,704047.42,525928.72,70150.4,66409.56,1344.44
C013,2025Q3,441094.47,71180.62,57368.53,615750.38,140132.56,475617.82,208129.6,48168.49,75263.2,934.41
C013,2025Q4,506076.52,87675.85,65532.6,900062.7,208155.91,691906.79,506572.77,45867.17,92902.73,3745.92
C014,2021Q1,245673.73,44195.51,34334.45,662100.25,376185.07,285915.18,332719.3,97877.17,31639.66,3314.53
C014,2021Q2,263087.53,48124.51,33846.75,412360.9,234186.3,178174.6,212434.39,66995.09,52347.29,3469.1
C014,2021Q3,265084.33,47111.85,34150.38,557620.28,275900.56,281719.72,262202.51,129602.27,54338.43,1770.5
C014,2021Q4,271120.3,57946.16,34751.39,549509.16,196247.45,353261.71,185290.89,35995.39,51789.69,680.46
C014,2022Q1,298671.89,48149.72,38693.5,820788.83,290181.62,530607.21,299566.5,69478.31,31637.38,3626.28
C014,2022Q2,303498.83,51177.44,30357.08,546425.15,262654.04,283771.11,180711.1,111702.36,51805.91,960.76
C014,2022Q3,304702.88,50153.65,30505.12,628031.06,305333.63,322697.43,296628.03,104379.68,47175.67,4942.34
C014,2022Q4,319302.85,53338.72,29315.78,716987.91,373626.96,343360.95,416871.4,93532.07,64157.33,2470.1
C014,2023Q1,337763.82,70170.22,43399.85,726043.22,401634.82,324408.4,400938.07,113113.88,67307.94,4835.53
C014,2023Q2,374253.52,75197.51,47774.42,636361.61,329059.78,307301.84,265692.32,120804.91,101577.71,3395.78
C014,2023Q3,382131.44,59789.04,48564.08,1067488.98,458319.52,609169.46,429691.36,211184.36,54826.31,8214.16
C014,2023Q4,398429.18,52945.55,43640.95,589675.36,278736.57,310938.8,258688.17,136461.63,23051.63,3986.08
C014,2024Q1,400029.09,64573.78,44339.78,855794.83,396554.89,459239.94,353108.01,102752.42,70428.94,2972.06
C014,2024Q2,407528.94,58734.22,43298.08,1132939.9,481793.59,651146.31,633233.45,246429.86,51191.3,3445.81
C014,2024Q3,402698.25,74588.37,47314.77,1126424.56,506473.4,619951.16,454613.41,212755.99,62188.95,7189.0
C014,2024Q4,435797.05,69975.27,37734.98,914360.81,389434.52,524926.29,358811.28,70560.41,78483.81,6228.05
C014,2025Q1,449689.37,80475.26,70937.05,802991.54,362663.15,440328.39,362039.56,99805.88,47793.98,3585.89
C014,2025Q2,450982.73,101503.83,87483.99,885208.57,397659.73,487548.84,233704.32,114666.51,85395.3,4538.46
C014,2025Q3,490619.66,88538.06,76354.91,926557.51,403237.27,523320.24,446564.72,100056.02,61115.16,4626.11
C014,2025Q4,510717.48,112248.28,93206.34,666811.44,302852.83,363958.6,365074.26,138748.62,116588.61,2829.73
C015,2021Q1,179361.6,30751.02,25493.18,445892.44,234315.17,211577.26,230206.72,57590.18,34432.27,1766.72
C015,2021Q2,176569.67,31819.82,21100.24,412446.1,180946.91,231499.19,192155.59,98944.9,22211.5,794.06
C015,2021Q3,179535.21,37830.77,25963.38,321337.87,144875.14,176462.73,121356.57,47307.79,23043.33,1318.84
C015,2021Q4,186776.36,35486.98,24339.41,467301.23,166386.87,300914.36,159489.8,39850.61,29824.73,2233.9
C015,2022Q1,201520.32,45953.72,35686.61,470046.9,237320.07,232726.83,276335.84,108851.23,47912.73,3931.29
C015,2022Q2,215335.78,41713.48,34328.09,415026.69,204008.74,211017.95,230938.8,60551.4,41145.37,2439.95
C015,2022Q3,217499.35,46844.18,28405.17,549071.96,261155.65,287916.3,176022.34,91024.87,51982.59,2302.13
C015,2022Q4,232848.43,43850.97,26529.78,337424.44,140987.31,196437.14,175413.36,43878.43,24501.43,2153.11
C015,2023Q1,236057.02,48062.54,31702.18,479675.15,191783.38,287891.77,120999.69,100689.08,44549.7,2926.78
C015,2023Q2,251527.53,43405.61,25459.19,368343.92,163048.63,205295.29,202734.34,78739.39,36602.81,1150.81
C015,2023Q3,253617.29,50463.98,36755.94,582840.65,269542.59,313298.06,159411.19,116864.67,35701.63,3800.32
C015,2023Q4,256427.87,41638.55,24804.22,363639.19,149219.65,214419.54,151583.49,58500.9,50991.69,448.36
C015,2024Q1,282394.51,50575.43,39101.01,494137.51,273317.13,220820.38,169335.17,146716.61,40393.45,1864.98
C015,2024Q2,304469.05,52850.62,38202.45,534675.32,274287.62,260387.7,327762.07,67237.78,34569.46,3168.82
C015,2024Q3,297346.54,63548.58,45871.06,781230.37,347285.38,433944.99,281409.88,140466.88,51566.56,6052.22
C015,2024Q4,316367.52,67495.31,43726.15,568003.5,211449.82,356553.68,281146.2,106831.1,47461.67,2760.58
C015,2025Q1,320935.71,59512.07,35355.77,465888.4,220486.87,245401.53,202874.03,110069.01,45971.99,3910.0
C015,2025Q2,357310.93,65339.55,48399.41,726126.91,378104.8,348022.1,296179.92,178737.42,61524.18,4366.2
C015,2025Q3,373394.9,73740.21,53767.19,484608.8,184426.37,300182.43,198101.37,81580.29,35628.83,1346.94
C015,2025Q4,381982.75,74372.03,56584.94,465131.52,191431.76,273699.76,242749.52,88906.68,48482.02,1783.97
C016,2021Q1,78252.22,5326.33,2329.07,118210.7,74789.75,43420.95,49011.73,29810.17,5334.87,452.01
C016,2021Q2,80423.83,7172.11,5206.17,218448.0,141906.3,76541.7,121881.94,57843.86,9215.07,1594.62
C016,2021Q3,85856.76,9808.77,6669.05,105245.21,69652.81,35592.4,33915.54,32364.32,11942.58,319.25
C016,2021Q4,90440.89,12380.85,5845.79,190986.57,129881.86,61104.71,111618.09,63712.55,9343.42,1894.2
C016,2022Q1,90392.47,9024.96,7178.53,119006.41,73419.68,45586.73,64997.31,37163.46,10763.09,1218.38
C016,2022Q2,97829.71,11979.83,9750.38,237068.53,145847.52,91221.01,128365.14,74654.8,14094.48,838.2
C016,2022Q3,102627.15,16183.58,8870.41,164969.62,98831.46,66138.16,46126.69,51098.87,19338.21,993.24
C016,2022Q4,97101.71,10858.9,6665.29,233364.84,140831.54,92533.3,120848.7,29915.5,15733.31,1404.79
C016,2023Q1,101444.81,8848.41,5005.55,254856.52,160209.42,94647.1,112689.7,82617.89,8415.73,1475.36
C016,2023Q2,104751.32,9861.55,6985.08,246617.81,130568.04,116049.77,109434.69,61850.82,6383.07,1078.62
C016,2023Q3,103069.48,12989.98,8245.41,241244.09,161082.9,80161.2,90022.81,67935.87,10879.62,2595.03
C016,2023Q4,105960.08,9621.5,8032.61,145184.3,94537.28,50647.02,89738.23,47224.4,5434.66,345.07
C016,2024Q1,108001.94,5694.32,3875.05,281306.93,140296.04,141010.89,83680.38,35383.13,4945.36,672.23
C016,2024Q2,111962.01,11050.71,7575.15,228094.58,133212.34,94882.25,79014.39,31768.29,15098.55,2330.84
C016,2024Q3,116064.11,9215.3,7614.95,166578.72,99773.3,66805.41,70296.6,50496.65,11961.7,736.68
C016,2024Q4,116071.58,10442.76,8379.6,231188.74,144452.88,86735.86,121683.26,42161.02,8158.04,2208.83
C016,2025Q1,119899.07,10164.32,5907.81,314284.77,210647.8,103636.98,147682.24,49430.52,9091.24,1466.71
C016,2025Q2,121800.63,13430.71,9481.3,161749.1,97894.31,63854.79,58921.83,18143.82,4244.75,749.48
C016,2025Q3,122472.71,12848.98,9989.95,192984.87,120828.49,72156.38,72877.3,28914.36,13028.71,1339.8
C016,2025Q4,131481.75,16234.57,11292.24,360721.1,243472.35,117248.75,140401.26,96135.24,21354.8,3720.9
C017,2021Q1,341699.0,7189.44,4810.07,961169.6,570535.34,390634.25,557973.44,130756.8,13722.46,9166.39
C017,2021Q2,369185.6,13390.09,11113.41,581161.89,320619.77,260542.12,242767.69,58375.82,13471.39,2850.72
C017,2021Q3,387627.45,19838.05,10886.78,997719.8,527950.66,469769.13,483886.01,173781.83,11176.65,4216.33
C017,2021Q4,407564.03,21538.11,17073.4,922697.9,397321.47,525376.43,254121.02,197380.77,16739.04,4605.18
C017,2022Q1,413726.88,26501.57,19281.58,1180439.62,492445.92,687993.71,529886.19,204950.24,9621.87,2938.18
C017,2022Q2,450087.59,11716.42,7521.45,1268565.3,700136.98,568428.32,675115.51,226200.95,19268.7,2104.79
C017,2022Q3,480237.49,-4988.13,-4307.18,1168272.14,626800.18,541471.96,434365.52,170086.25,-3750.51,3602.67
C017,2022Q4,497708.34,26071.7,21520.33,1278117.31,594903.05,683214.26,489044.22,169382.0,5718.31,5811.73
C017,2023Q1,511516.91,14560.63,10288.42,914431.08,514346.01,400085.07,560512.37,173417.08,5420.04,4826.19
C017,2023Q2,520884.89,19089.74,10633.03,1262145.56,658774.85,603370.71,606415.03,267496.28,21098.86,3901.65
C017,2023Q3,532225.47,18570.1,10054.02,996753.76,589812.03,406941.73,260765.64,290800.15,15945.65,3960.69
C017,2023Q4,559181.96,14239.31,10101.94,1132579.5,534583.26,597996.24,472660.68,182018.79,-7754.41,8167.09
C017,2024Q1,575919.09,-3834.42,-3446.4,854643.75,501404.7,353239.05,510135.19,269005.08,-4270.81,7771.07
C017,2024Q2,615830.67,3731.98,2900.85,795854.89,384865.74,410989.15,332441.2,188659.26,-11647.4,1370.13
C017,2024Q3,649093.2,21633.41,17387.56,1628303.35,842084.63,786218.72,641766.46,178569.52,34153.45,8900.82
C017,2024Q4,668157.61,31267.0,24934.24,1118538.36,449685.58,668852.77,364236.57,164064.59,20036.36,6222.72
C017,2025Q1,715073.75,27325.28,20786.99,1504192.57,936384.17,567808.4,648057.28,376539.52,18490.33,14962.11
C017,2025Q2,744643.23,-11270.31,-9811.0,1434645.06,587031.71,847613.35,438772.29,260706.31,-9673.02,9516.98
C017,2025Q3,771465.17,24295.2,19102.44,1284590.63,617554.68,667035.96,562583.08,219022.46,21523.83,6670.07
C017,2025Q4,839586.4,52537.53,33716.65,1430109.04,751035.11,679073.94,511713.56,263796.44,79788.4,9672.26
C018,2021Q1,108946.76,8892.5,4439.59,281437.08,55772.25,225664.83,91985.58,10088.77,10829.14,773.21
C018,2021Q2,116436.85,9270.72,4835.23,179885.16,41508.54,138376.61,90956.08,12712.34,9635.28,611.95
C018,2021Q3,122316.93,6655.88,4797.43,227571.91,50717.14,176854.78,83348.91,25160.9,1066.45,845.11
C018,2021Q4,127528.17,10253.91,5824.97,212338.72,41715.51,170623.21,111751.8,14794.59,11120.45,571.21
C018,2022Q1,124869.56,11419.05,7119.63,270510.37,82045.22,188465.16,72174.71,38759.5,14064.34,674.01
C018,2022Q2,127632.67,13131.38,11285.86,297403.47,86523.42,210880.05,92008.28,42717.94,6700.68,872.2
C018,2022Q3,128576.14,13748.25,6802.86,280051.84,70373.33,209678.51,85394.51,17337.67,15784.57,706.67
C018,2022Q4,129015.81,14437.99,12437.58,160608.29,37275.88,123332.41,45120.33,10489.62,15379.27,140.16
C018,2023Q1,124632.83,12385.36,8569.12,328760.95,57968.54,270792.41,150249.83,25911.94,14410.18,382.84
C018,2023Q2,135913.67,10329.62,6679.37,381282.23,104207.96,277074.27,192708.64,40938.0,5553.56,1716.84
C018,2023Q3,138943.48,7954.29,5716.02,308869.99,96253.13,212616.87,97565.2,34385.16,5707.55,1684.53
C018,2023Q4,140085.77,7966.38,5354.06,195345.75,48923.73,146422.02,60390.99,22059.65,7165.85,309.04
C018,2024Q1,142408.58,9306.56,7425.36,235522.72,49623.97,185898.75,82700.43,8985.03,8273.83,826.08
C018,2024Q2,138843.94,12388.94,7670.88,332415.19,90642.49,241772.71,130583.46,17110.23,9081.08,732.89
C018,2024Q3,150171.18,13822.33,9261.22,276428.97,50844.19,225584.78,167171.2,23976.91,8419.11,826.37
C018,2024Q4,161611.39,22468.01,14014.14,313468.99,61582.66,251886.34,94279.93,21012.32,24274.62,607.21
C018,2025Q1,167733.7,18296.45,12331.36,218044.16,52895.39,165148.76,120516.35,18450.6,17906.01,256.41
C018,2025Q2,166862.88,14620.49,9752.49,244868.89,66304.05,178564.84,138803.69,19573.84,14390.78,1033.52
C018,2025Q3,173637.83,18833.31,12773.55,289579.68,66476.88,223102.8,134318.6,31794.69,21893.75,993.23
C018,2025Q4,173681.56,15427.37,8288.45,237474.15,31781.05,205693.1,105573.92,11076.38,16520.28,224.53
C019,2021Q1,76550.61,13816.92,8570.76,142862.31,85036.71,57825.6,66531.81,29927.31,16826.78,746.42
C019,2021Q2,80488.76,16657.8,11326.35,195002.53,106922.97,88079.56,109809.15,34073.91,13607.03,1253.89
C019,2021Q3,82026.3,14973.2,8797.1,206198.01,117256.37,88941.64,124032.16,39517.17,16100.42,854.43
C019,2021Q4,87459.68,17697.52,14699.31,109917.94,70262.54,39655.39,50186.52,13036.58,17236.11,995.65
C019,2022Q1,90470.98,17590.38,14036.63,260919.79,119490.51,141429.28,97981.36,48089.04,15062.41,1106.85
C019,2022Q2,88391.87,20149.18,12973.19,122951.92,66619.97,56331.94,71942.87,14092.26,14781.83,554.12
C019,2022Q3,96437.42,18171.69,13035.82,169537.9,102538.94,66998.96,49204.19,20843.06,18645.64,1540.89
C019,2022Q4,103155.5,19905.98,12079.78,145514.3,90705.19,54809.12,37124.14,36525.83,26044.8,989.27
C019,2023Q1,102179.66,17634.59,12319.57,251135.7,147727.35,103408.35,123505.55,41911.35,17006.89,2195.97
C019,2023Q2,100007.96,23006.4,17515.01,238486.9,128476.17,110010.73,121985.33,66171.96,25472.67,907.35
C019,2023Q3,105526.02,18590.55,15025.0,300118.41,187881.91,112236.5,145204.73,83656.83,15662.75,2113.78
C019,2023Q4,104432.76,19898.47,14155.35,262663.16,121560.82,141102.34,89841.58,64664.44,18504.04,1861.18
C019,2024Q1,104250.22,19776.27,14832.55,126018.6,66074.52,59944.07,37470.19,18192.39,23163.82,988.04
C019,2024Q2,100864.65,18692.33,15322.81,260197.53,151099.48,109098.05,65173.57,56733.05,14034.15,465.77
C019,2024Q3,93363.53,12307.36,7397.82,127980.38,68931.3,59049.08,60392.61,18810.86,11259.03,207.78
C019,2024Q4,95762.37,18340.24,13928.76,128800.78,76739.49,52061.3,78043.51,41137.56,17209.66,817.29
C019,2025Q1,92703.81,18303.16,13098.09,138120.56,78242.15,59878.42,48499.24,15873.51,16737.06,1079.37
C019,2025Q2,91793.38,17065.67,9156.21,128187.99,65727.84,62460.15,70419.7,32232.32,16998.43,820.86
C019,2025Q3,92382.05,18979.02,14434.66,186066.39,119263.01,66803.38,62690.13,21919.44,14892.55,1380.89
C019,2025Q4,96505.53,23266.62,17429.85,248126.0,135273.64,112852.36,97166.86,58885.88,15458.08,1215.75
C020,2021Q1,347505.32,44172.93,34454.45,554494.61,361939.53,192555.08,170675.11,121664.93,48425.21,1600.94
C020,2021Q2,368892.02,30256.97,21455.09,909416.71,413216.2,496200.52,548536.7,103899.41,11129.99,4024.49
C020,2021Q3,370818.62,45974.78,32858.06,854412.13,415841.51,438570.62,215414.76,92620.29,49996.42,3275.33
C020,2021Q4,358430.93,40767.53,30932.94,595162.84,303329.25,291833.6,257290.03,143932.97,50380.84,4931.74
C020,2022Q1,361705.82,49487.28,29190.7,750266.47,393900.21,356366.26,370432.66,158557.12,49527.65,5263.81
C020,2022Q2,375173.59,52570.65,28829.68,572575.5,375039.91,197535.59,207334.53,98321.86,22605.48,4533.38
C020,2022Q3,401320.34,52801.04,36061.29,1081343.49,620675.37,460668.12,585114.61,249729.95,49199.17,9807.4
C020,2022Q4,403572.81,54976.33,40622.51,870155.58,444856.83,425298.76,320687.33,183590.88,51769.71,7073.38
C020,2023Q1,423344.59,37000.26,29428.03,621903.92,336515.62,285388.3,370043.79,174318.72,45755.56,3908.32
C020,2023Q2,418436.62,33973.6,28415.88,826717.22,471592.73,355124.49,475566.1,168140.29,24613.75,1928.28
C020,2023Q3,405994.29,38345.48,31201.47,803703.25,482152.46,321550.8,215045.57,93361.63,28064.59,6731.15
C020,2023Q4,429525.73,51663.31,33997.04,984493.27,466923.47,517569.8,294258.05,239862.87,51090.9,7549.64
C020,2024Q1,421957.28,39228.18,33696.22,857093.23,465317.88,391775.35,438930.69,108077.52,32011.27,4739.71
C020,2024Q2,412340.0,34078.62,20939.7,870697.31,543904.37,326792.93,394334.45,127263.01,27502.21,5105.65
C020,2024Q3,401817.45,43360.45,23934.87,660338.06,346296.29,314041.76,217880.85,156933.86,46827.73,3064.28
C020,2024Q4,385252.59,47049.04,35161.53,963315.69,590613.0,372702.69,274745.78,236332.56,56572.88,3597.64
C020,2025Q1,373103.51,46795.2,41653.05,827895.25,429903.73,397991.53,461988.52,180438.76,48419.25,1352.02
C020,2025Q2,392448.41,44038.04,23885.59,899428.5,527343.29,372085.21,304702.46,156221.04,42394.19,9142.7
C020,2025Q3,385650.05,44451.96,39166.95,602287.31,350526.2,251761.11,324682.65,140662.53,38074.66,2910.11
C020,2025Q4,393227.93,50226.89,40599.76,1000255.03,542375.33,457879.7,257299.09,129882.46,14113.78,9762.57
C021,2021Q1,218230.21,8614.65,6263.44,478401.89,238979.74,239422.15,216101.84,48265.37,13954.05,2554.03
C021,2021Q2,223460.26,10290.02,5217.85,561151.03,235355.9,325795.13,176075.06,52022.15,4726.93,866.85
C021,2021Q3,234641.8,14881.69,12342.99,403369.92,158077.28,245292.64,108996.91,35026.27,8630.83,2065.94
C021,2021Q4,244092.6,14328.8,9070.56,475491.38,190616.32,284875.06,274373.11,36894.73,12120.85,3364.39
C021,2022Q1,249507.3,20377.08,13336.8,658645.61,296798.41,361847.2,357341.79,114311.93,17509.41,5332.09
C021,2022Q2,263382.77,23478.57,17989.24,584709.22,181997.42,402711.8,359171.77,67278.81,20796.67,3236.74
C021,2022Q3,272019.86,18173.29,14599.98,643113.22,323449.2,319664.01,361742.0,96503.55,25302.4,1640.19
C021,2022Q4,293348.22,20615.69,15227.29,353303.79,97536.53,255767.26,212411.85,38221.65,14803.81,1631.27
C021,2023Q1,295576.83,18839.43,13683.82,462351.59,196597.38,265754.21,251314.62,91863.99,8501.03,1836.34
C021,2023Q2,303432.47,17927.74,15723.51,846604.76,376054.84,470549.92,358247.07,141239.69,5106.3,6269.7
C021,2023Q3,292665.71,20977.03,13630.66,366979.14,139335.0,227644.14,147192.05,36669.17,10479.99,1082.16
C021,2023Q4,308041.79,14530.79,8117.69,564995.36,247991.81,317003.55,232147.58,116148.55,21502.87,1762.06
C021,2024Q1,320074.85,18929.98,15397.22,448229.08,181317.69,266911.39,211569.01,42836.9,15332.19,1453.41
C021,2024Q2,329790.39,21382.98,16403.15,836850.94,425202.47,411648.47,376864.51,177950.6,12048.38,6740.62
C021,2024Q3,309247.34,20808.01,12490.79,505003.19,204381.4,300621.79,244869.09,37080.84,21920.12,3610.65
C021,2024Q4,306599.29,30111.08,17525.25,765778.14,299470.67,466307.47,334506.02,78612.86,17908.74,4012.03
C021,2025Q1,316353.45,12692.25,6647.2,583747.04,228810.18,354936.86,188080.04,109266.79,5833.3,1451.18
C021,2025Q2,320491.66,21810.92,15648.11,686477.67,273280.56,413197.11,418709.49,95267.75,18804.77,2121.57
C021,2025Q3,320223.98,17639.6,9118.39,712868.31,355537.81,357330.5,246989.14,158549.06,9060.98,5739.59
C021,2025Q4,326712.34,29952.69,20848.77,714881.67,343689.91,371191.76,247824.35,162587.45,34603.0,5369.75
C022,2021Q1,251943.91,4938.05,1857.39,635221.91,121576.36,513645.56,381711.57,34180.6,-2917.79,1656.75
C022,2021Q2,259610.27,-2395.77,-2118.36,600997.65,169102.91,431894.74,166714.22,90405.32,-4756.52,2089.17
C022,2021Q3,257881.27,4383.27,1910.7,692342.96,108504.31,583838.66,424227.18,55054.39,5914.68,1022.38
C022,2021Q4,265489.46,11998.5,8964.71,570114.43,30337.65,539776.78,178524.73,12452.33,13702.27,195.15
C022,2022Q1,274963.13,15679.36,12503.46,616936.96,113518.77,503418.2,167597.04,55617.55,23857.88,777.07
C022,2022Q2,297390.57,12964.18,10749.21,378521.99,65150.09,313371.9,115641.8,24381.19,6159.41,1074.52
C022,2022Q3,293660.15,11574.72,5666.95,825226.27,116662.42,708563.85,468063.14,45222.47,22487.97,1861.87
C022,2022Q4,308735.48,12605.38,5784.08,739125.71,86823.15,652302.57,407758.52,42615.51,16126.35,1197.78
C022,2023Q1,318802.47,15074.56,8160.82,606492.05,182045.46,424446.6,260931.11,58836.34,23587.29,2161.98
C022,2023Q2,319417.23,15195.76,12454.35,606271.77,52235.31,554036.46,254258.07,27398.8,24116.01,923.0
C022,2023Q3,315607.96,1564.18,-137.37,851926.64,141479.15,710447.49,286438.62,53948.88,8395.59,756.76
C022,2023Q4,330991.55,3808.01,2632.5,533656.62,56970.51,476686.11,328708.45,14691.69,-5419.01,664.37
C022,2024Q1,347376.62,6340.71,5518.04,924107.33,222646.0,701461.33,411901.31,77321.47,11616.17,1268.02
C022,2024Q2,349553.0,3661.3,827.28,851924.97,148914.81,703010.16,508557.95,58892.37,405.13,2067.1
C022,2024Q3,349734.24,17049.66,10929.06,956456.04,202378.65,754077.39,530809.99,55777.81,19598.23,741.29
C022,2024Q4,380435.13,11688.4,5933.55,516490.02,86575.33,429914.69,228602.37,33974.81,-3007.48,1524.12
C022,2025Q1,414948.7,15533.76,11065.04,1186503.68,321218.13,865285.55,469093.59,172471.87,22387.68,3563.82
C022,2025Q2,430353.4,16633.75,8647.51,1195791.23,401077.49,794713.74,575014.88,191161.42,34494.53,1888.9
C022,2025Q3,420832.11,19370.1,14124.17,770146.64,154253.74,615892.9,288009.65,64144.55,16531.83,2714.85
C022,2025Q4,432591.59,11909.78,9224.88,1196331.18,225975.77,970355.41,359970.1,99044.23,12591.73,2900.02
C023,2021Q1,280631.4,15797.2,9283.79,371637.39,274153.08,97484.31,100101.21,89380.25,6669.53,4249.49
C023,2021Q2,278834.56,13233.7,10244.93,426849.51,351146.13,75703.38,161879.6,126546.54,20664.94,4878.14
C023,2021Q3,272659.44,10619.37,7456.02,404911.93,304577.74,100334.2,238301.78,94194.47,13333.47,5249.99
C023,2021Q4,295703.61,20818.21,13885.62,588098.79,424513.35,163585.44,173012.93,185065.85,6828.05,7452.35
C023,2022Q1,291029.46,5594.37,3761.3,618460.29,428486.53,189973.75,369396.61,214571.28,11199.91,4936.3
C023,2022Q2,304050.14,7356.35,3627.59,744006.64,564650.19,179356.45,341955.69,241998.02,-1953.98,6019.1
C023,2022Q3,321565.96,15877.22,12044.51,449030.22,326402.63,122627.59,140799.89,167566.36,6682.93,3689.93
C023,2022Q4,318330.05,10112.73,6847.28,773342.42,528849.32,244493.11,310405.67,177956.68,10556.66,2445.84
C023,2023Q1,323869.8,14765.29,9282.5,422153.4,333983.71,88169.69,191029.18,153631.95,11584.26,3525.81
C023,2023Q2,326604.62,3474.92,1894.99,745592.5,566867.66,178724.84,210898.09,275641.96,-2977.8,4539.87
C023,2023Q3,322453.51,11839.44,9518.1,391273.42,294205.26,97068.16,225537.8,123199.68,11780.82,2738.14
C023,2023Q4,338960.1,8780.27,5042.57,470377.06,314295.97,156081.1,281522.54,67148.04,1230.81,1875.67
C023,2024Q1,341926.87,-2995.65,-3188.03,636847.87,462938.25,173909.62,282325.55,145134.75,-4927.11,4281.11
C023,2024Q2,338336.2,12827.08,9841.51,850984.77,597693.67,253291.1,509336.93,121611.0,7422.22,3649.15
C023,2024Q3,329179.98,8309.2,3356.79,485636.53,384383.42,101253.11,243789.7,108920.91,-1315.71,6609.37
C023,2024Q4,322433.28,6054.7,4238.13,725393.68,613471.13,111922.55,441057.74,204716.17,-8057.27,9394.08
C023,2025Q1,351805.27,28296.41,24692.6,575911.95,457721.15,118190.8,145568.43,135590.67,42801.59,4835.63
C023,2025Q2,340229.48,15300.44,8078.43,834561.57,566954.88,267606.68,478699.18,165972.24,23262.72,3801.6
C023,2025Q3,340473.38,11329.13,6291.7,712194.45,496035.41,216159.04,246565.22,203394.33,13738.0,4178.59
C023,2025Q4,345671.37,18156.14,8855.19,683069.16,549494.87,133574.28,366088.49,233127.12,10226.4,5031.98
C024,2021Q1,315586.24,7093.6,3136.33,685105.33,194654.68,490450.65,216407.23,87368.33,6635.66,1156.63
C024,2021Q2,317478.43,22554.3,11390.39,439162.68,138254.01,300908.67,152089.61,44957.67,19785.95,1004.93
C024,2021Q3,337493.33,23499.22,14052.42,967068.07,276961.58,690106.5,364791.0,71165.18,12557.94,3173.26
C024,2021Q4,336054.34,23474.02,16381.41,441535.12,123216.95,318318.17,271381.98,30489.49,18773.78,1806.55
C024,2022Q1,326025.31,22278.89,17859.21,408927.06,127220.18,281706.88,178789.75,38274.73,10148.56,1894.23
C024,2022Q2,341868.29,36522.1,25466.38,484997.35,123815.98,361181.37,127612.37,38329.25,38804.17,1833.06
C024,2022Q3,356828.22,9203.67,6180.91,735600.91,196377.38,539223.54,453416.38,61448.33,2721.56,1247.06
C024,2022Q4,363027.13,23103.83,11685.8,540647.37,197026.87,343620.5,248652.0,64732.9,17621.33,2892.58
C024,2023Q1,366570.21,21982.7,14721.08,811006.1,146474.84,664531.26,283746.78,62433.82,14606.04,2192.56
C024,2023Q2,353399.13,12763.28,7725.58,944571.21,171925.47,772645.74,444426.29,40940.22,15805.59,2389.68
C024,2023Q3,358744.91,11609.35,7669.57,721659.38,139479.04,582180.34,216636.4,46205.71,6575.41,685.85
C024,2023Q4,370392.58,8249.03,4686.12,1041927.36,193483.35,848444.01,593346.88,91559.2,6270.22,1695.47
C024,2024Q1,364724.3,21925.8,11618.36,493594.09,84714.12,408879.98,194644.19,17806.53,32922.63,475.48
C024,2024Q2,373269.65,29778.39,23123.36,696010.4,155097.65,540912.76,208870.51,62204.5,25775.32,2517.48
C024,2024Q3,379947.02,23503.62,12960.76,716574.1,199819.63,516754.47,324821.58,100641.01,11367.22,667.37
C024,2024Q4,377262.97,-1740.69,-1984.25,950992.13,239537.02,711455.11,513467.31,105722.9,15332.67,2132.82
C024,2025Q1,373088.44,27374.38,23676.93,705732.13,222207.24,483524.9,292079.92,59287.42,22186.55,2735.3
C024,2025Q2,369036.49,31450.79,16758.21,719072.01,149276.57,569795.44,378972.98,80047.88,14603.39,1814.86
C024,2025Q3,358422.58,28170.65,16581.93,472121.3,110442.37,361678.93,255319.81,48295.25,27223.61,1074.54
C024,2025Q4,381403.36,28496.39,14669.63,615740.36,149359.19,466381.17,314858.27,57687.43,19366.03,1580.55
C025,2021Q1,84131.76,18458.42,12938.49,186327.5,88788.44,97539.06,65952.83,48070.22,10794.08,1441.1
C025,2021Q2,79435.38,15719.19,12983.1,161352.23,96997.95,64354.29,40868.21,42777.81,11786.99,1303.66
C025,2021Q3,77020.14,15677.36,11200.17,132136.51,91588.11,40548.4,77456.99,32938.34,15863.25,1320.15
C025,2021Q4,78949.6,14895.94,11947.35,143121.67,88909.69,54211.98,41654.88,20586.58,14256.9,676.95
C025,2022Q1,77297.79,17643.02,13375.01,176403.15,76644.12,99759.02,46273.05,37470.6,21003.54,779.67
C025,2022Q2,81286.83,17910.8,12897.83,199985.01,115722.15,84262.86,110562.0,50294.55,9399.49,1157.3
C025,2022Q3,79579.41,15306.63,11053.8,113287.15,58817.25,54469.91,37649.09,23643.5,13110.01,667.55
C025,2022Q4,82417.35,18299.03,14587.47,236804.31,167354.43,69449.88,102805.45,59506.96,18297.94,891.85
C025,2023Q1,82788.72,18275.12,10681.11,139007.77,78844.6,60163.17,39568.26,35610.13,16902.2,267.12
C025,2023Q2,77181.54,13508.94,6488.43,123902.86,59680.39,64222.47,47835.01,13234.18,6805.63,646.43
C025,2023Q3,78606.75,17064.93,12471.62,159971.83,97689.0,62282.83,76228.37,22087.94,12959.11,543.91
C025,2023Q4,75781.47,13859.44,9444.35,142588.51,71333.8,71254.72,75407.12,38838.9,17354.87,1021.02
C025,2024Q1,74879.0,16018.81,9607.94,110543.46,56852.21,53691.25,45916.37,17643.7,11272.98,704.26
C025,2024Q2,73392.01,12233.56,9341.31,185911.89,100768.79,85143.1,113732.06,30360.73,8074.71,376.45
C025,2024Q3,72955.77,14324.04,7901.91,132277.24,68234.44,64042.8,71623.59,36544.83,11844.84,234.35
C025,2024Q4,75277.4,13326.37,9350.52,195960.23,100117.39,95842.85,88089.76,51360.63,12271.59,1779.32
C025,2025Q1,73199.99,17663.58,8877.73,202514.86,128322.44,74192.43,95652.66,25234.86,19325.67,988.42
C025,2025Q2,75413.41,14676.2,9930.43,142449.09,78427.79,64021.3,72686.1,16509.72,9287.69,354.54
C025,2025Q3,75652.39,17495.04,13297.02,134838.51,76084.6,58753.91,45025.91,29465.96,14935.06,424.23
C025,2025Q4,75252.61,16760.01,11078.68,156894.21,99803.71,57090.5,42206.22,40164.2,17159.78,865.96
C026,2021Q1,74918.48,13132.55,9906.37,92798.56,22919.95,69878.61,40607.68,7068.45,14685.27,175.54
C026,2021Q2,74816.69,14293.07,8021.47,193641.67,57780.81,135860.86,103639.58,29395.85,7769.13,1012.91
C026,2021Q3,73380.85,15829.39,13029.97,152255.34,42989.37,109265.97,84131.8,11551.12,8758.68,673.76
C026,2021Q4,70837.21,14662.27,10574.79,140871.62,33456.02,107415.6,67038.4,12087.42,6724.26,424.56
C026,2022Q1,75116.64,14055.31,6946.17,116098.38,8631.11,107467.27,62591.71,1994.66,13362.77,133.85
C026,2022Q2,74743.64,14913.75,8184.71,210189.9,41457.04,168732.86,75785.49,18366.43,11799.36,451.84
C026,2022Q3,74702.1,13272.79,7151.28,213255.93,57312.25,155943.68,55306.47,16120.72,10699.33,374.49
C026,2022Q4,76015.77,11876.38,9664.02,188749.77,67027.97,121721.8,97424.22,36026.67,6421.27,842.95
C026,2023Q1,77781.13,14011.81,10378.64,114598.31,22230.56,92367.75,33228.63,12037.24,11984.33,278.95
C026,2023Q2,71772.47,11249.48,7429.47,184639.07,39686.27,144952.8,109897.78,20132.41,9579.8,200.9
C026,2023Q3,68048.85,10545.11,5855.74,155584.59,37071.23,118513.36,67323.06,19255.05,9504.41,242.35
C026,2023Q4,66644.54,10799.64,7692.66,96711.83,31169.94,65541.89,28294.66,12866.75,6173.13,103.11
C026,2024Q1,64884.46,10831.46,7599.13,167291.67,41350.55,125941.13,80961.7,9285.36,10503.98,569.46
C026,2024Q2,59609.15,11268.31,8135.72,158084.28,49738.77,108345.51,70407.22,23185.16,8324.18,221.95
C026,2024Q3,58507.87,11398.78,8335.53,88386.71,25921.4,62465.31,38670.56,9730.21,12298.9,444.43
C026,2024Q4,55716.48,11075.33,5543.71,156815.91,25361.71,131454.2,84734.63,11140.48,6129.06,437.21
C026,2025Q1,56360.29,10995.76,8515.35,153362.83,48321.05,105041.78,87338.86,17598.02,9337.12,290.08
C026,2025Q2,54102.59,9874.91,5439.55,89201.8,16427.08,72774.71,24810.51,7458.93,12681.26,263.84
C026,2025Q3,56301.95,11677.2,7121.95,70221.65,25838.45,44383.19,25087.74,5997.87,8426.93,412.07
C026,2025Q4,56460.4,12350.79,8299.33,88895.68,21942.8,66952.88,26015.82,11889.07,8521.12,107.66
C027,2021Q1,61218.94,6818.29,5285.25,112098.54,17535.99,94562.55,61400.65,4715.31,6089.46,299.83
C027,2021Q2,61701.06,1384.37,215.32,114293.3,20295.09,93998.21,55781.16,9686.61,2318.31,333.11
C027,2021Q3,61194.09,2606.15,1036.12,165241.81,39716.67,125525.14,86350.05,11439.16,1491.06,268.14
C027,2021Q4,64333.23,6973.71,3037.83,153027.38,36275.74,116751.63,48507.18,13465.76,3688.26,390.11
C027,2022Q1,67767.55,5516.4,2391.61,83354.41,14437.73,68916.67,22632.53,4755.12,5310.75,192.4
C027,2022Q2,72346.74,6082.66,4502.62,205738.89,32788.07,172950.82,53465.09,5966.43,4926.93,501.54
C027,2022Q3,76738.57,7450.08,4782.48,202915.17,38870.06,164045.11,63521.85,13771.17,10942.75,463.45
C027,2022Q4,78662.66,6907.24,3265.95,142589.07,30391.34,112197.72,41227.36,6539.3,9636.68,327.55
C027,2023Q1,80144.97,5325.44,1751.34,102165.77,23706.87,78458.91,50363.23,6457.8,1619.54,365.7
C027,2023Q2,74705.65,4464.17,1043.84,162638.33,32426.59,130211.74,41296.57,16606.79,3337.46,416.12
C027,2023Q3,83036.97,7522.84,4297.4,144656.59,17306.2,127350.39,41927.3,7174.83,8864.49,136.76
C027,2023Q4,86707.94,6532.71,2254.3,202000.97,35441.58,166559.39,109858.98,13048.2,3016.35,371.79
C027,2024Q1,86314.64,2480.42,1087.34,148871.64,35821.86,113049.78,82327.59,9643.12,3254.77,109.86
C027,2024Q2,90769.66,3493.48,1707.73,131004.19,16846.07,114158.12,33501.98,3095.08,7964.62,95.93
C027,2024Q3,94684.56,3226.36,1604.59,158859.92,29561.24,129298.68,97673.27,11865.94,818.6,457.62
C027,2024Q4,99832.41,8934.1,5533.04,183172.27,41492.06,141680.21,94639.52,18387.54,5234.24,313.56
C027,2025Q1,101145.27,8212.83,6950.68,230576.6,49738.29,180838.31,80289.64,22296.62,6387.94,381.86
C027,2025Q2,99271.97,7948.53,6125.62,287798.61,73462.55,214336.06,167423.68,30137.79,9057.31,236.85
C027,2025Q3,102076.67,8003.83,5616.91,268165.69,40501.02,227664.68,68413.35,13105.74,5778.55,658.34
C027,2025Q4,100211.1,7308.07,3900.82,173282.5,32518.88,140763.62,54168.63,14824.09,5474.26,447.83
C028,2021Q1,301782.88,18254.91,12687.79,700953.37,335786.17,365167.21,426922.79,77773.97,20720.01,4890.89
C028,2021Q2,305177.98,5978.17,3321.68,812730.05,375680.86,437049.19,334307.95,198679.08,-3980.97,2887.31
C028,2021Q3,327440.5,34067.14,21886.11,452249.54,187783.14,264466.4,254421.99,72498.59,26117.42,2482.51
C028,2021Q4,337207.38,24395.71,13171.45,792148.04,276785.33,515362.71,461103.77,54336.08,31935.64,2242.49
C028,2022Q1,357285.3,13377.33,10362.39,930683.09,430233.35,500449.75,283183.14,157627.63,8913.25,2513.24
C028,2022Q2,371772.07,33645.21,18916.91,502256.7,249068.84,253187.86,190275.23,67236.03,28401.82,1191.11
C028,2022Q3,387663.07,28982.98,23013.47,787265.24,412335.53,374929.71,362392.27,152262.84,18961.95,3454.32
C028,2022Q4,405919.91,32194.94,24273.3,982363.8,482940.2,499423.61,502706.59,219084.99,29741.28,1985.03
C028,2023Q1,435889.79,11358.19,7292.16,525555.26,281808.07,243747.19,197047.39,83426.8,20040.68,2489.56
C028,2023Q2,449325.98,20672.77,13678.18,1237406.39,647267.58,590138.8,751814.73,132431.33,8478.35,6061.84
C028,2023Q3,453528.84,12533.37,6266.42,905934.93,433425.22,472509.71,556262.73,185671.64,23852.6,7511.94
C028,2023Q4,468197.24,13193.63,8670.04,1091712.06,511779.63,579932.44,508460.65,279087.48,-3416.73,6225.5
C028,2024Q1,488642.94,4508.75,1784.59,1178096.41,635952.1,542144.3,445513.15,234220.16,3411.54,9608.83
C028,2024Q2,482656.02,20738.31,12853.48,1035076.18,468784.21,566291.97,331051.09,245911.48,14727.67,3587.04
C028,2024Q3,493343.32,29955.31,18900.56,813435.85,329233.78,484202.07,371955.39,149713.4,21549.43,3384.33
C028,2024Q4,502719.83,33435.56,22636.8,804247.79,356440.02,447807.77,234203.28,96404.79,39769.77,4092.76
C028,2025Q1,526967.73,24070.71,17589.54,760628.64,361439.19,399189.44,382433.63,189905.25,31036.39,4590.36
C028,2025Q2,551802.14,15067.29,8992.61,1395759.23,544897.85,850861.39,683167.46,151909.54,9839.39,2696.8
C028,2025Q3,588908.01,21578.5,14572.88,1323971.81,619752.84,704218.98,385589.21,291503.3,4157.83,1895.91
C028,2025Q4,639056.92,35824.98,22897.44,1439126.51,734498.31,704628.2,378907.07,362623.23,11553.68,5231.74
C029,2021Q1,213714.62,45937.77,38451.92,328980.66,188561.75,140418.91,113308.59,50393.87,44823.58,2927.29
C029,2021Q2,224835.2,52709.79,40410.68,512571.51,278842.46,233729.04,141305.92,152691.61,52112.96,2718.86
C029,2021Q3,231953.48,61095.46,34362.94,521464.18,303021.54,218442.64,276239.39,119985.07,35979.31,4464.15
C029,2021Q4,238953.82,60558.75,52026.43,591179.32,314969.41,276209.9,252872.92,161125.03,48876.74,4027.61
C029,2022Q1,255567.15,63056.15,50919.03,722400.88,378573.7,343827.18,307144.42,90593.27,72182.31,5921.77
C029,2022Q2,270044.09,60080.25,51691.92,357596.23,174075.7,183520.52,200919.02,52991.3,58471.45,1023.68
C029,2022Q3,276631.37,57485.24,38351.36,650568.22,345948.79,304619.43,264001.32,95735.02,31195.01,3192.81
C029,2022Q4,278937.41,55595.27,45273.69,537859.38,268706.34,269153.04,225013.99,71013.94,45430.38,4425.03
C029,2023Q1,288202.39,54673.02,32371.41,415373.73,266939.95,148433.78,161976.28,77878.15,48094.69,3914.54
C029,2023Q2,289339.12,71923.65,54497.46,493809.72,221555.39,272254.33,239367.71,92025.58,48461.27,3631.68
C029,2023Q3,303095.1,52832.48,43654.67,482949.93,252426.03,230523.9,200152.87,121702.42,40611.98,1772.41
C029,2023Q4,304905.14,47754.93,36137.79,381527.84,183327.32,198200.52,109864.61,46289.24,48190.22,2631.77
C029,2024Q1,302884.21,56554.64,46748.91,636645.91,371984.73,264661.17,364871.0,133088.44,65331.35,2368.57
C029,2024Q2,305928.09,60995.27,47471.37,659040.89,401507.01,257533.88,298950.58,168173.64,68842.93,3824.24
C029,2024Q3,318006.58,73240.75,47292.13,473221.36,221330.84,251890.52,293138.59,98789.63,73410.31,3640.52
C029,2024Q4,321531.01,70710.02,46743.83,817466.66,476041.6,341425.07,451947.14,221815.03,78033.85,7394.31
C029,2025Q1,343543.03,82991.33,58238.27,938146.47,541347.35,396799.11,472714.7,140431.54,93954.18,4012.34
C029,2025Q2,363536.81,76261.44,49464.61,730756.52,448933.32,281823.2,313763.5,158044.08,76124.11,3028.97
C029,2025Q3,360991.96,80177.81,70964.07,776333.34,472708.1,303625.25,282102.91,249518.95,85956.73,3187.54
C029,2025Q4,368594.4,84830.35,63481.33,882609.9,444933.15,437676.76,244048.14,202615.88,88543.93,3704.38
C030,2021Q1,250470.2,31935.82,21031.52,447470.74,289454.41,158016.32,132064.01,129708.46,35204.47,1928.78
C030,2021Q2,262483.57,33798.1,24578.12,714784.83,417737.31,297047.53,345517.85,181275.75,41895.13,3703.38
C030,2021Q3,260595.28,26631.95,18565.22,675134.99,404170.6,270964.39,417491.18,156982.99,27502.13,3245.78
C030,2021Q4,270900.74,29365.73,18685.69,725771.91,501275.2,224496.71,364998.95,268675.53,23182.18,1674.99
C030,2022Q1,278123.67,33047.16,26044.95,669618.1,483408.51,186209.6,330186.58,203670.71,32578.55,4544.37
C030,2022Q2,282209.7,32052.11,22407.41,768502.97,375217.25,393285.73,265445.85,177047.65,33480.63,3315.21
C030,2022Q3,277960.29,30831.21,25531.16,787546.11,448501.84,339044.27,331628.01,115628.59,30757.08,3791.33
C030,2022Q4,297787.62,31367.28,26692.55,628843.13,378707.54,250135.58,276627.39,200473.32,32533.71,4266.73
C030,2023Q1,310189.6,28552.88,18572.08,451866.7,270622.15,181244.55,231916.34,70904.64,-1290.48,4449.22
C030,2023Q2,314712.51,32445.55,26863.92,399588.21,243111.26,156476.96,243097.31,110517.84,24655.04,3090.51
C030,2023Q3,310079.85,32401.66,22092.43,733823.15,386324.56,347498.58,437216.7,207489.5,40937.3,5307.98
C030,2023Q4,309832.1,22906.1,19024.72,611829.68,389285.73,222543.95,344866.13,209016.96,2141.46,2834.24
C030,2024Q1,334931.93,25249.34,17012.33,822768.59,554444.43,268324.16,283712.1,291796.45,11556.34,6459.98
C030,2024Q2,338997.22,49027.91,27570.37,595338.04,323070.99,272267.04,218271.21,68059.27,58352.27,4618.25
C030,2024Q3,340176.84,28136.13,20349.08,545451.97,323034.34,222417.63,211972.69,63295.53,34425.21,4226.74
C030,2024Q4,352142.88,39707.75,27351.95,639151.09,384641.12,254509.97,282750.9,84434.85,34488.97,4028.3
C030,2025Q1,387689.3,35375.48,22727.81,612096.56,302389.82,309706.73,331950.56,81337.22,32960.49,5329.1
C030,2025Q2,410452.85,40889.3,22543.46,969040.07,488027.59,481012.47,259574.81,107565.97,41410.32,2535.09
C030,2025Q3,422839.37,58918.57,46768.08,1176958.43,655288.54,521669.89,550473.36,120119.07,51867.91,9710.47
C030,2025Q4,426360.85,60958.84,45882.57,524370.86,286859.51,237511.35,298839.59,58637.2,46971.74,3019.24
C031,2021Q1,70712.43,3652.22,1959.29,104392.83,22053.95,82338.88,51030.19,10594.99,3533.61,322.16
C031,2021Q2,71017.3,595.17,247.54,143280.22,43548.0,99732.22,48982.51,12565.17,-307.68,618.65
C031,2021Q3,71562.24,1674.03,-287.86,95431.61,19847.59,75584.01,46635.54,9606.73,4094.24,205.62
C031,2021Q4,73513.22,5737.48,3034.45,121888.04,30369.78,91518.25,70087.26,11576.33,5294.91,153.37
C031,2022Q1,71983.45,4085.47,2450.13,101870.21,20197.26,81672.94,37016.04,4320.98,4013.46,83.95
C031,2022Q2,70246.63,5539.44,3282.05,185804.48,54760.95,131043.54,106683.66,24743.19,5540.26,975.47
C031,2022Q3,73348.87,5123.76,2927.92,109941.66,30367.9,79573.75,36529.4,9384.36,3988.23,203.95
C031,2022Q4,72111.81,2964.9,1617.34,203792.62,37754.92,166037.69,82242.9,8280.11,-2741.87,384.04
C031,2023Q1,72567.56,6113.25,2746.73,206369.78,37422.31,168947.48,83538.51,7295.38,1705.95,200.68
C031,2023Q2,70397.41,3615.45,2799.32,180304.56,36331.44,143973.13,99310.0,8834.23,3042.01,632.21
C031,2023Q3,67345.12,3765.05,2173.33,109630.52,25468.01,84162.5,56051.17,6170.0,1814.23,249.98
C031,2023Q4,71414.37,3788.8,2495.47,106661.44,33120.21,73541.23,43090.47,14243.94,3218.83,192.74
C031,2024Q1,70690.31,1434.53,79.38,97517.37,19607.44,77909.93,28724.74,4089.57,-682.12,105.54
C031,2024Q2,71774.02,1151.58,-503.37,189754.97,55796.53,133958.44,66663.41,15571.86,1147.84,188.86
C031,2024Q3,69513.74,1787.13,942.51,189553.71,39020.3,150533.41,81946.84,13145.15,1212.74,628.44
C031,2024Q4,70935.81,4840.54,2617.02,103557.99,35196.51,68361.48,56472.13,17347.03,7266.77,171.02
C031,2025Q1,71612.83,4783.54,2322.75,170539.67,26999.1,143540.57,43640.88,14729.85,3895.37,291.12
C031,2025Q2,71098.54,3769.59,2412.79,100190.18,21297.14,78893.04,38141.78,11603.58,3965.51,245.9
C031,2025Q3,72236.58,5081.81,2899.77,92785.57,23979.33,68806.24,48164.69,5252.89,4790.84,356.04
C031,2025Q4,73711.15,6975.51,3432.24,105197.69,15784.71,89412.98,48736.41,3492.47,8073.27,95.67
C032,2021Q1,119170.55,14476.47,12411.27,325731.55,184951.83,140779.72,89629.1,56158.55,11269.03,2095.41
C032,2021Q2,131449.88,10805.01,5999.78,210633.31,126826.08,83807.23,104930.66,42383.98,8229.8,1286.11
C032,2021Q3,140099.14,16528.46,11127.13,169010.3,85799.49,83210.8,74941.22,22773.79,15555.04,443.8
C032,2021Q4,147011.59,20418.16,12968.7,420948.67,232818.58,188130.09,209756.7,100298.52,14235.82,1192.46
C032,2022Q1,156586.28,18529.16,13153.96,236203.27,128566.85,107636.42,89611.22,39264.69,24254.92,1402.79
C032,2022Q2,153084.33,17189.35,11412.41,284624.11,175825.54,108798.56,140177.62,77323.54,16998.79,2293.26
C032,2022Q3,162325.0,20018.54,12856.56,319471.48,171721.51,147749.97,193620.25,84545.53,20085.27,1207.23
C032,2022Q4,160445.05,21100.5,14194.85,414265.6,252737.67,161527.93,223343.76,64779.15,23046.79,2376.22
C032,2023Q1,155724.64,20320.4,16797.63,377183.23,209658.34,167524.9,231540.05,45080.37,15862.47,1596.55
C032,2023Q2,157362.12,12156.07,5833.88,431829.16,225857.53,205971.64,237191.33,70848.05,9863.29,2115.65
C032,2023Q3,159006.05,25407.3,13959.16,344150.75,186696.03,157454.72,171487.17,99882.93,21230.74,2187.77
C032,2023Q4,159261.98,15891.61,9313.72,328332.86,203251.52,125081.34,160925.69,53611.06,8900.42,1663.14
C032,2024Q1,159232.62,16362.14,9586.11,242068.79,161484.31,80584.48,116539.97,68041.03,8485.13,2269.61
C032,2024Q2,167400.53,19174.19,14049.69,348413.62,182687.66,165725.96,195751.75,98062.67,20186.69,3282.88
C032,2024Q3,177229.32,18048.67,12919.86,298766.01,152662.98,146103.04,94777.66,41407.51,11127.33,940.05
C032,2024Q4,180012.41,20597.3,16457.11,379666.87,201516.68,178150.2,162651.07,93626.99,20766.46,780.41
C032,2025Q1,187033.92,15001.3,9516.84,540928.78,343329.73,197599.05,296407.1,108299.77,16302.73,5069.38
C032,2025Q2,190892.07,18508.06,10258.51,430338.58,240875.52,189463.06,239915.18,96142.75,17540.23,2160.37
C032,2025Q3,196064.98,24447.73,15197.55,269011.04,175926.1,93084.94,112748.93,49914.91,13677.39,2158.2
C032,2025Q4,188700.48,26317.99,20694.74,541863.92,292876.8,248987.12,284136.93,128444.1,28063.49,1716.65
C033,2021Q1,276380.92,34422.45,24655.24,444358.07,269479.03,174879.04,141501.27,111469.7,28291.72,2923.85
C033,2021Q2,292110.35,38831.93,27636.35,724852.69,442962.65,281890.04,249122.53,97634.4,37655.6,4772.57
C033,2021Q3,300232.12,50197.08,30575.99,624218.2,406740.79,217477.41,260280.28,102709.32,37036.38,1880.98
C033,2021Q4,318477.37,52986.43,29541.48,825759.24,472641.93,353117.31,364724.9,146918.17,27862.02,2657.01
C033,2022Q1,334648.72,48644.62,33232.78,969894.74,710073.72,259821.02,452335.25,185046.98,46688.82,5568.19
C033,2022Q2,341011.38,53190.63,43260.14,593786.57,440172.09,153614.49,259512.49,165847.84,54936.36,1779.92
C033,2022Q3,367391.87,50558.36,36423.74,496728.96,323211.77,173517.19,293798.97,124882.01,44373.18,2853.79
C033,2022Q4,390384.33,44777.84,24903.32,936507.64,610838.28,325669.37,360714.26,119697.93,31728.37,5771.37
C033,2023Q1,404445.35,60453.66,46218.44,535527.94,389483.54,146044.4,233009.28,104410.24,48255.24,4063.41
C033,2023Q2,418664.49,46647.96,34529.43,999115.68,761862.97,237252.71,362500.36,142025.5,44471.27,10677.44
C033,2023Q3,430390.5,59933.35,51240.27,1115635.55,830241.53,285394.02,552943.19,174985.67,71855.63,4688.03
C033,2023Q4,447510.55,60955.33,45834.47,652467.29,454751.27,197716.02,176785.35,150652.09,75717.87,5060.61
C033,2024Q1,487377.28,49942.28,44476.71,1105599.99,746814.46,358785.54,570628.16,153881.35,42789.99,13375.55
C033,2024Q2,525183.97,61788.03,52605.98,970091.15,731057.84,239033.31,533090.9,383252.08,85713.05,6469.9
C033,2024Q3,544596.2,52440.45,31200.2,890714.14,590286.68,300427.47,472519.73,292503.2,57058.2,9807.24
C033,2024Q4,549910.52,85552.18,61743.02,1060397.79,666225.92,394171.87,651773.02,290320.02,92419.85,9088.13
C033,2025Q1,576625.6,77061.86,46817.13,1591152.08,1133228.56,457923.52,799871.86,307118.87,96575.66,14854.83
C033,2025Q2,613987.47,100775.91,58150.54,1530344.31,1073227.53,457116.78,412202.62,552409.66,105781.68,8243.09
C033,2025Q3,650909.14,95516.28,53774.71,1743049.67,1082334.15,660715.51,615290.62,250122.09,111993.3,18566.93
C033,2025Q4,690495.78,91152.12,66343.61,1931797.92,1159513.7,772284.22,978642.93,516074.08,64637.57,14878.09
C034,2021Q1,222738.95,25147.91,21029.81,338578.14,90965.4,247612.74,169166.77,28729.75,30856.16,911.15
C034,2021Q2,235321.66,25111.09,14835.44,389992.02,129082.66,260909.35,197137.01,37624.69,6697.42,567.12
C034,2021Q3,241039.68,23854.29,20365.46,647431.78,219115.78,428316.0,272466.37,89666.38,14034.03,3741.9
C034,2021Q4,263268.24,29127.5,25028.58,558640.28,168881.74,389758.54,325568.37,42343.21,17931.83,967.56
C034,2022Q1,278376.03,37720.23,27528.32,422866.8,124843.44,298023.36,223192.23,57259.4,31091.77,1804.82
C034,2022Q2,294658.81,28565.35,18171.52,717424.8,230384.44,487040.36,234264.06,96789.28,28817.83,3390.54
C034,2022Q3,304168.16,28924.45,18095.52,370620.54,109098.5,261522.04,96648.48,45898.46,21696.26,1061.35
C034,2022Q4,316959.96,29030.74,18807.95,726446.65,227150.18,499296.47,242359.03,81264.39,14639.32,2745.32
C034,2023Q1,326913.0,32593.53,26710.21,841404.14,203653.69,637750.45,249422.79,42621.73,38867.11,1490.87
C034,2023Q2,352740.27,36230.54,27260.61,1002603.33,265942.69,736660.64,569729.85,111436.28,27738.1,3129.04
C034,2023Q3,382961.97,19421.34,13575.89,756142.91,250674.6,505468.3,253780.27,65346.64,15869.8,1664.66
C034,2023Q4,391914.17,41396.18,25352.1,809629.66,177114.6,632515.06,356043.44,53334.93,19876.55,1596.1
C034,2024Q1,400962.41,37877.5,22284.85,737048.96,214070.89,522978.07,268498.74,114053.29,36153.9,3385.6
C034,2024Q2,401758.35,36991.2,20714.97,846928.98,290720.59,556208.39,408700.51,106720.9,47290.91,1231.9
C034,2024Q3,399111.51,36858.2,25070.63,1150655.38,521443.63,629211.75,576863.63,270160.77,50315.57,6315.28
C034,2024Q4,427206.63,39340.72,29807.05,555945.73,220275.95,335669.78,242714.66,102459.4,57998.78,3247.91
C034,2025Q1,459663.82,48113.0,41605.87,711083.48,243734.03,467349.45,343790.13,125496.14,48050.21,3231.09
C034,2025Q2,481051.71,57557.88,44937.98,1205904.55,451776.37,754128.18,720755.37,178909.75,50838.72,3264.55
C034,2025Q3,503600.01,57749.62,41552.39,1091830.84,355354.53,736476.31,403756.41,100976.94,50414.27,1787.63
C034,2025Q4,528103.49,62628.43,37634.03,1485063.55,573938.56,911125.0,894998.33,172383.2,52254.1,3437.33
C035,2021Q1,284840.63,13056.72,11083.05,358729.79,68137.41,290592.38,105520.06,23944.5,11512.94,353.47
C035,2021Q2,287810.12,19776.32,13710.03,697108.44,114414.98,582693.45,347105.16,36771.81,12430.15,610.52
C035,2021Q3,293985.55,21155.12,16366.06,469146.7,90397.91,378748.79,133797.52,17112.81,18835.58,440.54
C035,2021Q4,284699.44,23015.33,20096.67,798953.98,103438.55,695515.43,411129.32,52403.51,8168.83,1211.72
C035,2022Q1,289566.23,15642.18,7921.17,740271.21,271994.08,468277.14,266629.37,87353.8,5262.27,3119.23
C035,2022Q2,284943.94,19361.9,15219.23,569129.87,80473.91,488655.96,211880.15,14949.06,15730.26,362.4
C035,2022Q3,283239.67,20188.54,15402.05,578435.83,118519.26,459916.57,186040.64,49036.35,28594.67,1348.55
C035,2022Q4,291469.94,13603.42,11459.19,705011.83,136155.64,568856.19,185540.36,37886.54,139.74,2354.92
C035,2023Q1,303970.72,26569.32,14887.0,434375.07,117719.43,316655.63,191450.17,23344.22,20587.69,578.37
C035,2023Q2,292387.15,14008.22,9588.4,747013.0,177898.81,569114.19,357489.46,78800.51,15027.9,1190.79
C035,2023Q3,292335.78,7882.61,3757.34,789341.46,174986.34,614355.12,396311.7,41363.31,6785.8,834.59
C035,2023Q4,302661.55,21965.14,16788.16,809083.02,137095.33,671987.69,456443.5,41028.54,13781.16,1342.74
C035,2024Q1,331995.54,27340.2,20695.89,936988.37,174362.74,762625.63,542542.24,80745.04,21622.23,581.13
C035,2024Q2,322564.01,17163.55,11297.26,485396.69,156300.73,329095.96,291780.12,33799.55,20629.18,649.41
C035,2024Q3,317341.18,10950.82,8326.37,745895.54,142157.75,603737.8,354216.64,69193.25,5928.23,995.76
C035,2024Q4,324789.32,22098.27,13489.08,924084.92,138079.57,786005.35,282194.41,56210.64,22614.51,1426.73
C035,2025Q1,318187.96,36078.4,20069.09,744169.75,127775.54,616394.21,245653.1,26694.26,30617.21,1139.33
C035,2025Q2,319942.6,26995.49,21762.02,866479.31,126693.29,739786.02,485829.7,48327.48,17291.25,1875.04
C035,2025Q3,343274.72,38044.54,23947.76,515155.23,67638.62,447516.61,214389.59,21900.33,24429.37,652.55
C035,2025Q4,357784.9,26072.96,17265.24,507429.72,104179.38,403250.34,257602.18,54649.9,15019.24,1859.05
C036,2021Q1,280862.43,11300.1,6863.23,349316.28,98487.89,250828.39,139188.08,37828.05,5196.93,1169.07
C036,2021Q2,292069.95,14422.02,10256.3,358652.53,44831.23,313821.3,154911.79,21036.1,23822.27,429.0
C036,2021Q3,335583.23,13216.9,7757.46,683611.54,160740.62,522870.93,269581.51,60789.93,2521.48,2367.14
C036,2021Q4,374636.66,28496.78,23365.75,714050.74,114968.37,599082.36,192390.51,23439.19,10494.49,1282.49
C036,2022Q1,391931.78,10738.49,7179.65,845126.28,132614.4,712511.88,415790.01,63079.57,6380.23,629.24
C036,2022Q2,409784.99,20100.66,13757.11,1163239.74,313112.95,850126.79,510514.11,85128.2,19987.09,2804.96
C036,2022Q3,440800.33,31295.57,25948.06,742737.44,175841.87,566895.57,236316.65,51372.74,13782.86,3145.14
C036,2022Q4,490166.18,23322.9,15116.96,724857.52,229361.52,495496.0,341067.39,64187.74,31029.41,950.49
C036,2023Q1,540329.4,40883.4,21914.46,1408904.84,337909.47,1070995.37,630409.74,93265.03,29918.59,2999.39
C036,2023Q2,577879.4,27315.38,23005.28,1294443.22,291132.62,1003310.61,589183.56,124325.24,180.78,3416.91
C036,2023Q3,591737.84,11659.88,9059.16,821133.95,227266.27,593867.67,276980.33,50544.88,-6671.79,4062.8
C036,2023Q4,614805.15,13785.24,9072.75,1473573.36,382440.95,1091132.42,621868.05,167428.72,2880.84,3219.37
C036,2024Q1,625954.49,10490.97,5841.16,1701323.47,330721.84,1370601.63,815551.98,175530.47,-10456.98,2530.25
C036,2024Q2,645026.86,5999.18,2892.29,1615444.52,406676.78,1208767.74,795330.21,102433.91,4103.41,3873.42
C036,2024Q3,700451.18,30073.06,26108.25,1020856.14,232313.37,788542.77,471874.48,100393.03,29101.81,1306.83
C036,2024Q4,742911.93,6042.62,3733.12,2038336.79,493520.62,1544816.18,559709.05,181955.56,-7761.78,4858.46
C036,2025Q1,748202.3,42310.72,24225.73,1951309.05,499928.16,1451380.9,931635.74,223814.14,41312.82,6991.57
C036,2025Q2,786249.72,32846.68,19961.95,1449988.49,252183.89,1197804.59,578946.05,73510.41,37107.17,859.98
C036,2025Q3,829123.42,70486.93,44395.97,1307160.77,276357.19,1030803.58,645521.31,93862.38,41213.85,2883.85
C036,2025Q4,875263.63,47993.23,36223.49,1385528.83,446126.58,939402.24,531393.51,191982.99,737.6,2504.51
C037,2021Q1,169420.76,19086.22,16223.91,333415.49,62405.9,271009.6,203428.57,22392.16,17610.56,1086.69
C037,2021Q2,180569.44,9465.48,7528.08,338953.14,103391.67,235561.48,121705.15,54885.87,6232.6,406.45
C037,2021Q3,193690.72,16468.41,11653.45,396991.66,140966.34,256025.33,138271.0,60715.39,5674.51,1982.44
C037,2021Q4,209384.0,28246.89,20699.0,589253.6,149635.64,439617.96,182874.13,41555.48,18819.49,2407.41
C037,2022Q1,215627.69,33029.01,22670.77,414954.35,115181.74,299772.61,212279.76,56070.64,22213.41,746.63
C037,2022Q2,236882.64,26634.5,19004.24,626719.1,122997.38,503721.71,180512.27,41071.33,18013.99,1910.66
C037,2022Q3,242760.85,30049.0,16907.48,666683.44,260678.94,406004.5,279570.62,119036.49,35037.85,4306.97
C037,2022Q4,263624.45,21130.46,13352.75,669251.58,232337.63,436913.94,406956.11,121537.38,14925.02,4157.16
C037,2023Q1,286299.68,30216.79,17455.58,767507.13,269232.73,498274.4,209667.82,144006.83,33040.12,4156.04
C037,2023Q2,299741.64,27670.71,23764.4,759044.18,237907.62,521136.56,335291.39,46528.83,29057.25,1159.35
C037,2023Q3,319259.26,26098.43,15989.74,738585.61,214851.51,523734.1,449473.09,70104.9,22172.75,2212.99
C037,2023Q4,308666.91,33199.3,25802.04,395002.87,166917.48,228085.39,203508.53,48939.79,43771.27,912.57
C037,2024Q1,299113.51,27858.16,15387.48,565567.23,156970.66,408596.57,189521.66,74404.52,26771.37,701.12
C037,2024Q2,326506.45,41029.69,31016.89,730414.41,244084.15,486330.26,434460.61,81171.94,47526.0,2851.9
C037,2024Q3,330859.58,23550.94,16396.9,699220.16,197127.92,502092.24,220650.46,46344.88,28116.57,1553.79
C037,2024Q4,319972.04,26080.07,15484.21,471106.37,174426.78,296679.6,160179.85,35347.52,26021.77,772.58
C037,2025Q1,352177.11,42927.79,37653.57,810957.07,222527.04,588430.02,395193.11,60857.8,26312.66,2419.88
C037,2025Q2,354479.66,33504.49,22283.47,927637.47,328533.79,599103.68,407155.23,104251.74,39910.76,3664.73
C037,2025Q3,385250.36,49059.2,36756.04,1045562.65,417021.65,628541.0,372580.86,208653.55,54761.38,2456.12
C037,2025Q4,413283.64,47022.59,30772.49,1164220.02,359311.69,804908.33,552153.45,134185.66,72600.57,3417.83
C038,2021Q1,356810.32,53381.88,44964.69,814877.7,166247.29,648630.4,395572.04,32898.26,46593.13,2009.77
C038,2021Q2,374690.52,44615.61,39334.33,897524.94,327707.66,569817.28,446703.07,121571.19,54540.34,5103.87
C038,2021Q3,386179.5,63567.23,48898.04,469345.71,184307.57,285038.14,124697.13,62312.52,77955.65,2733.96
C038,2021Q4,415259.54,73871.51,59903.37,1117299.64,433100.6,684199.04,482714.99,156041.18,68716.55,2505.03
C038,2022Q1,445525.84,59493.6,35708.18,997774.93,351978.08,645796.85,299432.66,181879.31,53512.5,5778.35
C038,2022Q2,479853.44,60979.56,43123.23,986646.3,340908.12,645738.18,608411.43,174872.63,65210.47,5722.29
C038,2022Q3,503064.77,67085.67,43593.26,1157617.67,330123.01,827494.66,312522.15,173816.63,47029.42,3248.57
C038,2022Q4,511936.64,83064.5,53787.88,1271804.55,373786.03,898018.52,520190.49,205010.98,85653.59,3352.55
C038,2023Q1,527451.55,69146.82,58058.3,1253996.32,380700.67,873295.66,670332.93,116785.64,68060.54,1474.25
C038,2023Q2,546314.3,81014.52,71132.05,866640.24,240728.94,625911.3,457755.32,57312.42,109755.31,3885.27
C038,2023Q3,547019.68,71191.11,39009.82,814512.8,198769.61,615743.19,282315.02,105182.19,91374.64,2384.09
C038,2023Q4,556583.72,55018.43,29336.71,1011215.22,300623.0,710592.22,344290.8,84683.31,26344.76,3005.21
C038,2024Q1,558990.19,61122.09,45734.76,1096523.15,368489.27,728033.88,661722.97,174893.51,51820.73,2716.92
C038,2024Q2,608286.15,55168.53,44199.33,1443975.36,337765.46,1106209.9,616069.94,133670.53,44898.16,2557.4
C038,2024Q3,630932.71,105077.12,91507.13,807755.46,265635.7,542119.76,451839.37,141270.92,121684.53,1022.18
C038,2024Q4,652292.27,66650.05,49076.08,1621596.87,493067.24,1128529.63,851691.69,219976.15,91562.77,5671.61
C038,2025Q1,675142.09,110977.35,73855.83,906967.16,332523.93,574443.23,289996.71,120709.61,99624.47,4267.51
C038,2025Q2,720656.78,109768.46,97068.98,1257654.45,358319.29,899335.16,417823.28,115476.72,129763.3,3435.56
C038,2025Q3,745461.27,97493.47,62528.84,1587476.48,488753.71,1098722.77,949161.51,148050.5,98171.38,3594.04
C038,2025Q4,722305.57,106182.22,86994.91,1083952.8,298588.41,785364.38,588800.94,116580.76,132830.02,4988.37
C039,2021Q1,300768.79,56700.51,32560.12,643466.05,459528.73,183937.32,290280.4,214918.47,63781.01,5625.31
C039,2021Q2,293611.6,42710.73,31452.16,812027.11,568606.82,243420.29,301217.18,194315.6,40874.87,2205.29
C039,2021Q3,315553.03,61891.51,44237.42,847618.86,552892.8,294726.06,488595.78,122807.96,59615.49,2064.86
C039,2021Q4,333787.57,55353.64,44562.27,643132.0,516596.18,126535.83,363506.18,275310.52,37303.57,1661.06
C039,2022Q1,360019.02,59504.34,51429.03,820683.49,581729.3,238954.18,222362.24,119118.14,75852.19,4614.61
C039,2022Q2,404017.48,72733.29,61593.09,486511.59,425074.43,61437.16,196119.69,208922.74,80160.06,2566.43
C039,2022Q3,429562.34,69855.29,58401.37,810137.32,618888.38,191248.94,408783.21,151276.62,82880.17,6040.06
C039,2022Q4,430918.7,72762.43,49604.69,1157932.11,799117.27,358814.84,668092.44,184189.09,75950.76,9121.08
C039,2023Q1,461969.19,81545.12,55300.25,694386.56,485988.29,208398.28,297612.13,259179.33,25976.95,6706.52
C039,2023Q2,478167.81,60366.92,35429.95,732093.62,463529.97,268563.65,350609.78,96704.53,24719.66,2247.64
C039,2023Q3,499180.97,81580.9,55842.73,1351104.73,1057198.8,293905.93,768945.58,192541.95,90304.46,4665.02
C039,2023Q4,519891.54,90869.49,67685.44,1310063.74,941097.27,368966.46,772300.2,494268.47,106637.33,7657.71
C039,2024Q1,509665.06,68428.19,46608.15,698837.91,524453.65,174384.26,340540.38,198193.69,42155.39,1980.92
C039,2024Q2,528408.95,77172.62,61445.57,885787.63,641417.27,244370.36,463423.47,336038.52,97884.57,8008.52
C039,2024Q3,516426.12,58879.92,46936.39,802850.08,593485.01,209365.07,368964.11,195853.27,56614.72,5717.77
C039,2024Q4,540138.56,83889.43,65983.59,1298087.24,764783.02,533304.22,634305.87,173177.63,37447.31,6157.71
C039,2025Q1,546488.82,72962.23,45173.78,903804.74,620889.98,282914.76,348401.46,264781.67,64916.71,4212.59
C039,2025Q2,580053.03,97947.49,54269.76,1482128.75,1112899.14,369229.61,830626.2,219893.12,83954.15,14602.16
C039,2025Q3,627141.23,115561.32,90648.69,1703646.12,1188939.73,514706.38,830193.95,653531.05,71045.82,19798.81
C039,2025Q4,680825.59,121893.32,104924.76,1937729.35,1425341.07,512388.28,938473.58,547918.32,114299.57,6176.1
C040,2021Q1,385062.09,29010.78,17356.52,863614.64,251247.29,612367.35,530533.19,133834.9,29212.01,4436.79
C040,2021Q2,411481.63,24286.45,13077.67,1062309.32,163308.29,899001.03,530413.45,31299.25,25647.28,1231.31
C040,2021Q3,432535.17,36154.6,30775.38,756526.97,69136.02,687390.95,253377.29,24847.47,22176.4,285.0
C040,2021Q4,465780.27,29421.46,18060.88,915955.15,194752.78,721202.36,561823.58,90837.67,33404.41,2496.14
C040,2022Q1,474901.11,41069.89,34348.9,998936.23,339062.89,659873.34,610507.8,62492.51,28922.49,2484.66
C040,2022Q2,497787.49,25995.38,19528.57,755043.81,189004.87,566038.94,342870.03,83847.95,40161.54,696.68
C040,2022Q3,524133.57,43669.42,33948.03,1271648.02,318466.21,953181.81,752001.68,91001.72,48187.42,4066.29
C040,2022Q4,567151.32,60355.74,37440.06,1136701.12,299062.17,837638.95,499720.06,55537.02,52155.59,4606.09
C040,2023Q1,610627.16,33561.07,26629.23,1393442.39,453848.85,939593.54,719875.62,147852.67,15087.68,5335.24
C040,2023Q2,644734.6,35874.36,29395.25,1369774.4,392087.44,977686.96,675232.3,155959.98,30622.32,1332.5
C040,2023Q3,652759.91,45855.57,25055.52,1606191.97,361310.88,1244881.09,599842.34,182405.66,12574.89,4402.06
C040,2023Q4,633653.0,34461.57,26784.44,1055655.18,124413.32,931241.85,461159.94,38441.35,20316.97,1319.9
C040,2024Q1,658805.95,25477.09,15811.73,1775971.75,300669.46,1475302.3,971218.37,84792.43,36095.19,2808.87
C040,2024Q2,659510.49,53994.97,33774.83,1302688.21,239882.98,1062805.23,726379.26,50793.83,58098.62,2722.66
C040,2024Q3,717948.91,33522.37,26130.7,1945453.59,598512.42,1346941.17,784672.69,251619.85,16855.0,9172.33
C040,2024Q4,746191.93,51684.14,38751.85,2070603.58,491567.42,1579036.17,1184949.37,90684.57,11551.95,7068.3
C040,2025Q1,827089.65,61827.76,52112.88,1612360.59,370178.08,1242182.51,656308.9,144038.91,80576.29,6077.85
C040,2025Q2,843854.45,77808.82,43475.76,1313295.92,202746.63,1110549.29,448265.8,46821.33,102208.7,2692.28
C040,2025Q3,843069.35,50430.78,32855.28,1228978.91,298904.8,930074.11,507208.85,54139.08,37099.87,3373.79
C040,2025Q4,862052.95,67512.17,36132.35,1158907.98,360907.52,798000.46,624919.74,157039.17,79099.01,5691.7
