company_id,quarter,market_cap,stock_return_3m,volatility_3m,volume_change_3m
C001,2021Q1,218898.54,0.00752,0.27442,-0.0201
C001,2021Q2,214548.55,-0.01638,0.30687,0.41549
C001,2021Q3,54008.68,-0.21312,0.27056,0.13207
C001,2021Q4,140946.91,-0.25772,0.28909,0.05126
C001,2022Q1,104708.37,-0.13276,0.32172,-0.037
C001,2022Q2,182944.91,-0.19955,0.36389,0.4423
C001,2022Q3,148599.19,-0.16143,0.26345,-0.1301
C001,2022Q4,74348.15,-0.03105,0.3141,0.61694
C001,2023Q1,170939.55,-0.06955,0.24459,-0.25966
C001,2023Q2,45950.85,-0.18446,0.29777,0.00449
C001,2023Q3,185913.32,-0.13789,0.26718,0.32515
C001,2023Q4,167130.63,-0.06891,0.31229,0.12821
C001,2024Q1,158867.77,0.17595,0.32147,0.24525
C001,2024Q2,129484.8,-0.11922,0.359,0.20335
C001,2024Q3,148906.88,-0.1376,0.32679,-0.28486
C001,2024Q4,146677.84,-0.05638,0.35796,-0.1005
C001,2025Q1,57382.34,-0.23662,0.2623,-0.28919
C001,2025Q2,146581.09,0.0207,0.28145,0.02358
C001,2025Q3,226520.85,0.10777,0.35258,0.04788
C001,2025Q4,143450.11,0.06946,0.28493,-0.05436
C002,2021Q1,138127.77,-0.15246,0.35417,0.04938
C002,2021Q2,138099.9,-0.10742,0.37975,-0.19616
C002,2021Q3,408137.09,0.02231,0.3325,0.15494
C002,2021Q4,167109.88,0.00568,0.28788,-0.01034
C002,2022Q1,246150.84,-0.00847,0.35155,0.39931
C002,2022Q2,543207.76,-0.06632,0.34964,-0.16681
C002,2022Q3,411620.75,0.0135,0.34431,-0.11335
C002,2022Q4,215504.61,0.00844,0.25817,-0.19933
C002,2023Q1,285216.19,-0.09392,0.3243,0.23384
C002,2023Q2,458541.36,0.02021,0.31429,-0.22711
C002,2023Q3,300969.28,0.28991,0.32833,-0.37104
C002,2023Q4,294491.85,-0.27678,0.34827,-0.03083
C002,2024Q1,393656.38,-0.27373,0.28597,0.16112
C002,2024Q2,185141.01,-0.12097,0.32728,-0.05034
C002,2024Q3,440188.79,-0.07872,0.30644,0.04254
C002,2024Q4,384468.43,-0.17495,0.33915,0.30323
C002,2025Q1,220591.61,0.0768,0.28582,-0.43933
C002,2025Q2,440201.52,0.09762,0.31029,0.24317
C002,2025Q3,478315.44,0.15109,0.34294,0.09968
C002,2025Q4,209665.45,-0.20636,0.36041,0.14115
C003,2021Q1,481205.5,0.07154,0.26008,0.11351
C003,2021Q2,468235.95,-0.02992,0.24779,-0.13695
C003,2021Q3,1213861.49,-0.02647,0.30595,0.06665
C003,2021Q4,421298.76,0.00357,0.28391,-0.16193
C003,2022Q1,617024.92,-0.04529,0.18659,-0.31507
C003,2022Q2,1045027.22,0.28921,0.26626,-0.22114
C003,2022Q3,980934.53,-0.04443,0.26833,0.47389
C003,2022Q4,1247248.79,0.13524,0.29132,0.32388
C003,2023Q1,497885.79,0.05233,0.33074,0.08863
C003,2023Q2,377320.7,-0.0521,0.22456,0.15745
C003,2023Q3,689009.74,0.06528,0.30098,0.08647
C003,2023Q4,432091.73,-0.21461,0.23757,-0.16482
C003,2024Q1,1076998.25,0.0428,0.25663,0.16654
C003,2024Q2,701114.15,0.07014,0.23068,0.01491
C003,2024Q3,500318.81,0.08269,0.32472,0.04279
C003,2024Q4,881266.74,-0.05782,0.22521,-0.27979
C003,2025Q1,693308.0,0.10272,0.29233,-0.18161
C003,2025Q2,299856.07,0.09589,0.27425,-0.10515
C003,2025Q3,1001835.27,0.02297,0.27428,0.43794
C003,2025Q4,346168.97,0.03085,0.3257,-0.47938
C004,2021Q1,215423.0,0.08173,0.23783,0.26946
C004,2021Q2,206958.68,-0.11134,0.33602,-0.15139
C004,2021Q3,77480.59,-0.16157,0.22068,-0.41353
C004,2021Q4,272542.92,0.0498,0.29549,-0.09293
C004,2022Q1,275304.29,0.24589,0.25616,0.14786
C004,2022Q2,341723.18,0.11819,0.33784,0.40028
C004,2022Q3,166902.1,0.01556,0.35417,0.26275
C004,2022Q4,543931.93,-0.02407,0.19722,-0.13778
C004,2023Q1,293822.83,0.01418,0.22935,0.13176
C004,2023Q2,588218.89,-0.08281,0.29902,0.17801
C004,2023Q3,242462.21,-0.05758,0.26969,0.02556
C004,2023Q4,142025.02,0.06113,0.30351,0.12042
C004,2024Q1,149278.43,0.04794,0.21856,0.49114
C004,2024Q2,345592.91,0.3023,0.22917,0.35883
C004,2024Q3,498427.89,0.12625,0.27457,-0.12295
C004,2024Q4,675819.86,0.20896,0.27332,-0.04908
C004,2025Q1,506149.38,0.03513,0.23902,-0.21783
C004,2025Q2,404699.27,0.07305,0.31127,-0.09666
C004,2025Q3,802700.04,-0.06075,0.33043,0.15409
C004,2025Q4,502483.61,-0.20771,0.23967,-0.5235
C005,2021Q1,97181.11,0.00293,0.31149,0.0083
C005,2021Q2,236885.38,0.01547,0.23517,-0.19193
C005,2021Q3,281548.66,0.06382,0.30539,0.0267
C005,2021Q4,138137.4,0.01142,0.31898,-0.1745
C005,2022Q1,260917.6,0.06979,0.36575,-0.33057
C005,2022Q2,286055.04,0.01764,0.27366,0.29896
C005,2022Q3,136670.21,-0.06968,0.3083,0.17835
C005,2022Q4,301647.43,0.03173,0.2393,0.04072
C005,2023Q1,145601.59,-0.08098,0.27243,0.02926
C005,2023Q2,143896.19,0.01846,0.33036,-0.03939
C005,2023Q3,95085.97,-0.11102,0.33106,0.30839
C005,2023Q4,100790.94,-0.05151,0.31546,0.17182
C005,2024Q1,153179.52,-0.1374,0.26622,-0.1984
C005,2024Q2,68666.88,0.13556,0.27415,-0.23593
C005,2024Q3,40875.13,0.04278,0.25323,-0.34711
C005,2024Q4,162700.97,-0.2584,0.19467,0.1206
C005,2025Q1,185787.24,-0.09436,0.25583,0.22477
C005,2025Q2,95796.11,0.01853,0.22461,-0.02423
C005,2025Q3,72397.13,0.05341,0.26926,0.01438
C005,2025Q4,144260.25,-0.04521,0.2673,-0.38137
C006,2021Q1,824459.45,-0.18456,0.26612,0.10258
C006,2021Q2,985934.18,0.14219,0.26306,-0.19216
C006,2021Q3,1309431.6,-0.00857,0.22201,-0.40951
C006,2021Q4,754266.19,-0.09927,0.27074,-0.07074
C006,2022Q1,383102.88,0.02543,0.32011,0.17768
C006,2022Q2,891387.89,0.03307,0.27562,0.05003
C006,2022Q3,1027877.73,-0.01296,0.32064,0.10522
C006,2022Q4,1372404.77,-0.07422,0.28807,-0.01715
C006,2023Q1,842807.74,-0.16456,0.29183,-0.19926
C006,2023Q2,1347578.34,-0.02416,0.28356,0.02705
C006,2023Q3,1535072.11,0.07764,0.26165,-0.03278
C006,2023Q4,1250755.85,0.08236,0.2552,-0.04248
C006,2024Q1,598586.87,-0.01318,0.23667,0.08506
C006,2024Q2,1895801.38,0.14078,0.26166,-0.00291
C006,2024Q3,799475.81,-0.13965,0.2887,-0.09348
C006,2024Q4,2159418.67,-0.00173,0.28182,0.18187
C006,2025Q1,1221061.78,-0.02558,0.27104,-0.33822
C006,2025Q2,1255725.76,0.1045,0.31019,0.4614
C006,2025Q3,1708960.49,0.01956,0.28196,-0.16689
C006,2025Q4,1027784.48,-0.11306,0.26307,0.32662
C007,2021Q1,137033.6,-0.1424,0.27906,0.26975
C007,2021Q2,371169.48,-0.17722,0.2726,0.32103
C007,2021Q3,285220.35,0.05388,0.30215,0.12742
C007,2021Q4,285095.83,0.0962,0.17928,0.39329
C007,2022Q1,331697.07,-0.00834,0.28537,-0.14345
C007,2022Q2,833778.58,-0.09464,0.24463,0.17558
C007,2022Q3,407114.2,0.00023,0.24738,0.24378
C007,2022Q4,341339.73,-0.0231,0.23442,0.19942
C007,2023Q1,787296.62,0.18015,0.23089,-0.06915
C007,2023Q2,357527.49,0.03875,0.24847,-0.14085
C007,2023Q3,237480.8,-0.04169,0.2759,-0.11216
C007,2023Q4,488136.47,-0.00924,0.24083,-0.0254
C007,2024Q1,215684.39,0.10133,0.30518,0.06941
C007,2024Q2,695597.03,0.13401,0.31022,0.14884
C007,2024Q3,276152.27,0.09652,0.24948,-0.3262
C007,2024Q4,219707.33,0.10174,0.27906,0.17556
C007,2025Q1,248965.17,-0.25979,0.28635,0.38561
C007,2025Q2,607809.47,0.03567,0.27031,-0.10957
C007,2025Q3,844723.77,0.08594,0.28192,-0.28389
C007,2025Q4,432387.13,-0.19645,0.28579,-0.06275
C008,2021Q1,167208.54,0.03597,0.34732,0.3227
C008,2021Q2,195372.55,-0.21626,0.35244,-0.12483
C008,2021Q3,129077.24,-0.0617,0.3316,0.37298
C008,2021Q4,317886.64,0.01897,0.35245,-0.36308
C008,2022Q1,279258.18,0.02114,0.32142,-0.57247
C008,2022Q2,223237.36,0.06094,0.28692,-0.02449
C008,2022Q3,177597.18,0.0963,0.27831,-0.33373
C008,2022Q4,161597.16,0.12156,0.33793,-0.09571
C008,2023Q1,234405.56,0.08799,0.29118,0.15948
C008,2023Q2,352298.45,0.17892,0.33106,0.18034
C008,2023Q3,332495.82,-0.02744,0.28873,0.05865
C008,2023Q4,826017.59,-0.08732,0.34173,0.27058
C008,2024Q1,341434.86,0.12661,0.34157,0.02294
C008,2024Q2,490523.58,0.09407,0.36094,0.07128
C008,2024Q3,416727.82,-0.00352,0.31803,0.1696
C008,2024Q4,390043.5,-0.05075,0.25818,0.28174
C008,2025Q1,154243.35,-0.09726,0.33934,-0.10177
C008,2025Q2,256874.6,-0.19628,0.35717,-0.03121
C008,2025Q3,345453.59,-0.29715,0.23292,-0.16692
C008,2025Q4,163743.98,0.02908,0.30633,-0.07142
C009,2021Q1,510639.05,-0.00629,0.17129,-0.19379
C009,2021Q2,1618439.14,0.03011,0.20227,0.28962
C009,2021Q3,1013094.06,0.09221,0.19463,0.19823
C009,2021Q4,675829.51,0.14679,0.22924,0.38561
C009,2022Q1,1940868.09,0.07063,0.2071,0.16818
C009,2022Q2,423417.62,-0.00662,0.18164,0.23507
C009,2022Q3,865480.89,0.02219,0.22546,0.304
C009,2022Q4,694017.3,-0.10356,0.2098,0.11324
C009,2023Q1,1045180.65,0.20848,0.21693,0.50631
C009,2023Q2,1707635.66,-0.01493,0.17094,0.66021
C009,2023Q3,791415.67,0.19251,0.1995,0.24332
C009,2023Q4,770412.19,-0.11759,0.16936,0.0914
C009,2024Q1,955109.04,0.18086,0.17893,0.08149
C009,2024Q2,1537720.67,-0.04758,0.19592,0.20785
C009,2024Q3,520122.09,0.12533,0.20991,-0.11322
C009,2024Q4,686726.95,0.11532,0.25454,-0.03548
C009,2025Q1,1113641.01,0.28491,0.22502,-0.05016
C009,2025Q2,1185613.19,0.01351,0.20342,0.19348
C009,2025Q3,2173464.54,0.07832,0.17467,0.32218
C009,2025Q4,1911521.91,0.08991,0.18827,0.01812
C010,2021Q1,159941.09,0.18074,0.3098,-0.1672
C010,2021Q2,501420.15,0.01139,0.30686,0.19466
C010,2021Q3,282768.55,-0.07706,0.2915,0.18555
C010,2021Q4,246977.45,-0.19485,0.32674,-0.42583
C010,2022Q1,299021.45,0.06643,0.34653,0.47008
C010,2022Q2,287006.06,0.16573,0.31664,-0.03558
C010,2022Q3,178981.66,-0.15414,0.27981,0.16523
C010,2022Q4,224202.57,-0.0276,0.35928,0.27156
C010,2023Q1,159049.58,-0.00675,0.34897,0.00354
C010,2023Q2,633243.95,0.07517,0.3175,0.15533
C010,2023Q3,187297.21,0.17556,0.34047,0.16079
C010,2023Q4,320633.95,-0.08898,0.28669,0.28455
C010,2024Q1,117575.99,0.07449,0.35793,0.21677
C010,2024Q2,323309.02,-0.14503,0.33526,-0.11881
C010,2024Q3,252826.54,0.03711,0.35637,-0.3054
C010,2024Q4,211493.22,0.0544,0.30619,-0.13724
C010,2025Q1,371563.33,0.04003,0.28104,-0.28517
C010,2025Q2,529954.51,-0.02535,0.39519,-0.14241
C010,2025Q3,603127.52,-0.15464,0.39723,-0.17327
C010,2025Q4,448244.91,-0.22759,0.28187,0.33933
C011,2021Q1,498236.3,0.0861,0.31156,0.15124
C011,2021Q2,415281.27,0.01156,0.28037,-0.05629
C011,2021Q3,801134.89,-0.05093,0.32251,0.00105
C011,2021Q4,420329.05,0.08404,0.2806,-0.24458
C011,2022Q1,460910.55,-0.01683,0.35833,-0.05735
C011,2022Q2,832129.84,0.11118,0.2041,-0.13191
C011,2022Q3,470128.05,0.1491,0.29375,0.00472
C011,2022Q4,664604.3,-0.03116,0.24759,0.03173
C011,2023Q1,152868.2,-0.03175,0.2817,0.13794
C011,2023Q2,173400.03,0.02938,0.25667,0.12138
C011,2023Q3,346413.45,-0.14592,0.31795,-0.30059
C011,2023Q4,509608.19,0.30007,0.27933,-0.23942
C011,2024Q1,239916.55,-0.12401,0.25901,0.21723
C011,2024Q2,358534.73,0.15994,0.22703,0.03888
C011,2024Q3,474211.3,-0.08368,0.2876,-0.12584
C011,2024Q4,275431.33,-0.07219,0.28347,-0.24983
C011,2025Q1,873752.84,-0.16363,0.30485,0.24803
C011,2025Q2,287408.86,0.10916,0.28475,0.05222
C011,2025Q3,721514.91,-0.00703,0.37294,0.04721
C011,2025Q4,263620.23,-0.07966,0.31601,0.13374
C012,2021Q1,203016.21,-0.348,0.23431,-0.03667
C012,2021Q2,173644.93,0.05858,0.18938,0.17144
C012,2021Q3,49513.05,-0.0859,0.27029,-0.12753
C012,2021Q4,268834.34,0.11453,0.22432,0.12732
C012,2022Q1,113367.07,-0.00924,0.19048,-0.03673
C012,2022Q2,76285.07,-0.16405,0.21529,0.02966
C012,2022Q3,116547.92,-0.01812,0.2646,0.13826
C012,2022Q4,212794.7,0.07389,0.32535,0.35607
C012,2023Q1,358525.19,-0.05935,0.30795,0.16972
C012,2023Q2,120924.01,0.01903,0.24839,0.19134
C012,2023Q3,400721.54,-0.27345,0.22347,0.2662
C012,2023Q4,140859.24,-0.18607,0.21325,0.13718
C012,2024Q1,197013.66,-0.03494,0.26563,-0.04684
C012,2024Q2,428668.55,0.01802,0.32435,0.12434
C012,2024Q3,137673.47,-0.13715,0.23566,0.28028
C012,2024Q4,246925.72,-0.02402,0.23418,-0.0729
C012,2025Q1,376507.44,0.04083,0.26301,-0.03097
C012,2025Q2,395814.28,-0.06946,0.20479,0.47822
C012,2025Q3,539181.68,0.00298,0.23489,-0.17273
C012,2025Q4,298187.86,-0.01818,0.2208,0.32229
C013,2021Q1,324393.05,0.14313,0.17149,-0.14421
C013,2021Q2,372704.0,0.3659,0.19864,0.00862
C013,2021Q3,276927.03,0.17839,0.19666,0.18031
C013,2021Q4,1105266.05,-0.05742,0.19467,-0.14582
C013,2022Q1,878428.34,0.12171,0.21122,0.03028
C013,2022Q2,377201.38,0.09369,0.19576,0.38246
C013,2022Q3,801444.69,0.04556,0.12611,0.34096
C013,2022Q4,214031.23,0.0102,0.23795,0.09352
C013,2023Q1,768893.59,0.14877,0.20805,0.2438
C013,2023Q2,909919.24,0.1509,0.25081,-0.01159
C013,2023Q3,906158.15,-0.00716,0.19709,-0.05364
C013,2023Q4,866387.73,-0.16367,0.16562,-0.12968
C013,2024Q1,1124845.83,0.03103,0.21214,-0.14028
C013,2024Q2,856001.59,0.21104,0.24824,0.47517
C013,2024Q3,1055742.82,-0.0357,0.19768,-0.08843
C013,2024Q4,1044527.98,-0.01195,0.15696,0.12658
C013,2025Q1,569966.75,0.05943,0.12431,-0.13189
C013,2025Q2,596657.52,0.17394,0.24887,0.05703
C013,2025Q3,895585.45,-0.0271,0.22629,0.2555
C013,2025Q4,749016.9,0.0341,0.24329,0.01539
C014,2021Q1,657603.52,-0.06684,0.27397,0.24058
C014,2021Q2,200721.95,0.04639,0.26783,-0.46422
C014,2021Q3,552479.28,-0.21659,0.22365,-0.12413
C014,2021Q4,620361.62,0.05899,0.25047,0.01016
C014,2022Q1,542492.2,0.0047,0.33708,0.07548
C014,2022Q2,410701.51,-0.01116,0.26963,0.40482
C014,2022Q3,571231.95,0.05371,0.33543,0.32736
C014,2022Q4,328344.09,0.14746,0.26826,-0.23489
C014,2023Q1,257686.08,-0.06384,0.27468,-0.06033
C014,2023Q2,293218.18,-0.20916,0.28302,-0.14447
C014,2023Q3,1001806.4,-0.05094,0.2669,0.17799
C014,2023Q4,712448.09,-0.06465,0.27672,0.29147
C014,2024Q1,458236.58,-0.13671,0.21231,0.4228
C014,2024Q2,1184654.46,-0.22154,0.30238,0.23496
C014,2024Q3,564809.62,-0.09516,0.22499,0.05376
C014,2024Q4,387664.25,0.00538,0.27425,-0.41178
C014,2025Q1,435577.9,0.05494,0.25398,0.21069
C014,2025Q2,423143.76,-0.05718,0.31793,0.28374
C014,2025Q3,489724.61,-0.03816,0.2846,0.0921
C014,2025Q4,518742.73,0.11592,0.27786,-0.07347
C015,2021Q1,502807.92,0.035,0.22442,0.4434
C015,2021Q2,380083.04,-0.19275,0.25292,-0.05937
C015,2021Q3,221962.58,0.17556,0.27872,-0.16997
C015,2021Q4,551260.46,-0.00767,0.29503,-0.06926
C015,2022Q1,530180.14,-0.13226,0.25727,0.53768
C015,2022Q2,380963.54,-0.05741,0.27283,0.40161
C015,2022Q3,680412.26,-0.20593,0.30215,-0.07787
C015,2022Q4,226885.45,0.10375,0.24315,-0.08061
C015,2023Q1,655623.12,0.20486,0.32915,0.48468
C015,2023Q2,432208.75,-0.15212,0.2533,-0.09709
C015,2023Q3,248709.72,0.19386,0.28281,0.13192
C015,2023Q4,277807.11,-0.22082,0.27421,-0.00663
C015,2024Q1,218843.69,0.06627,0.30763,0.08493
C015,2024Q2,378665.76,-0.16113,0.24722,0.15103
C015,2024Q3,709226.43,0.14811,0.32127,-0.02989
C015,2024Q4,340067.15,0.19521,0.35628,-0.24383
C015,2025Q1,454104.65,-0.16639,0.27503,0.37293
C015,2025Q2,618479.28,-0.06625,0.29324,0.26531
C015,2025Q3,542699.53,0.05559,0.32582,0.26546
C015,2025Q4,275235.73,-0.0163,0.19834,-0.15213
C016,2021Q1,97705.03,0.08313,0.32166,-0.23099
C016,2021Q2,120707.31,0.03109,0.34835,-0.18569
C016,2021Q3,57250.81,-0.17252,0.38414,0.62683
C016,2021Q4,99957.17,-0.05222,0.29767,0.30501
C016,2022Q1,55061.02,0.02364,0.32068,-0.07837
C016,2022Q2,211793.55,0.19735,0.35425,-0.00677
C016,2022Q3,92765.2,0.26731,0.25741,0.41346
C016,2022Q4,201010.06,-0.13324,0.27152,0.08892
C016,2023Q1,163636.84,-0.02704,0.33839,0.03824
C016,2023Q2,162131.49,-0.1277,0.29249,-0.30227
C016,2023Q3,125968.71,0.13948,0.34823,0.08367
C016,2023Q4,106121.97,0.04507,0.3326,0.2546
C016,2024Q1,135856.56,0.05073,0.26491,0.32879
C016,2024Q2,161344.74,0.01995,0.2976,0.03778
C016,2024Q3,61945.78,0.12459,0.41612,0.14903
C016,2024Q4,181222.68,-0.01866,0.31178,0.32668
C016,2025Q1,82598.69,-0.14951,0.3935,0.18183
C016,2025Q2,120075.81,0.31866,0.31358,-0.03932
C016,2025Q3,152002.28,0.08075,0.36095,0.39734
C016,2025Q4,172860.99,0.0702,0.30601,-0.2836
C017,2021Q1,374175.09,0.22826,0.31199,-0.00563
C017,2021Q2,224934.12,-0.05132,0.28243,-0.14436
C017,2021Q3,1023647.61,-0.17611,0.23651,-0.16455
C017,2021Q4,442152.43,-0.21136,0.3038,-0.56528
C017,2022Q1,1469582.84,0.1407,0.26627,-0.26257
C017,2022Q2,451957.06,-0.09666,0.26121,-0.26244
C017,2022Q3,788686.4,-0.23492,0.28843,0.40098
C017,2022Q4,528356.69,-0.01561,0.25022,-0.16944
C017,2023Q1,953827.66,0.01086,0.33727,0.36281
C017,2023Q2,920833.1,0.07557,0.27505,-0.11513
C017,2023Q3,392364.85,0.05121,0.30576,-0.20764
C017,2023Q4,647994.14,-0.17047,0.23255,0.21704
C017,2024Q1,370202.98,-0.12237,0.34157,0.11365
C017,2024Q2,307304.41,0.22382,0.31565,0.25378
C017,2024Q3,1844896.17,-0.29776,0.27581,0.36452
C017,2024Q4,569243.32,-0.0522,0.34231,0.50666
C017,2025Q1,503551.95,-0.26145,0.26962,-0.21831
C017,2025Q2,1244323.92,-0.08102,0.27458,0.23412
C017,2025Q3,613261.63,-0.24318,0.32997,-0.12433
C017,2025Q4,1344760.36,0.09189,0.28143,-0.01952
C018,2021Q1,527099.69,-0.0925,0.1861,0.46908
C018,2021Q2,115717.48,0.03328,0.16329,0.16439
C018,2021Q3,375739.55,0.0925,0.16302,0.13206
C018,2021Q4,184690.42,0.22587,0.17832,0.01769
C018,2022Q1,374580.89,-0.05523,0.17123,0.28499
C018,2022Q2,281726.09,-0.21092,0.21671,-0.22964
C018,2022Q3,407573.46,-0.04876,0.25789,0.0285
C018,2022Q4,180406.62,0.10923,0.27764,-0.02904
C018,2023Q1,576188.38,-0.05485,0.21818,0.05459
C018,2023Q2,523346.48,-0.02724,0.19471,-0.1785
C018,2023Q3,461068.72,0.03386,0.20172,0.39698
C018,2023Q4,129525.51,0.02603,0.2468,0.05006
C018,2024Q1,332960.0,0.12722,0.24854,0.28343
C018,2024Q2,427452.38,-0.26157,0.18438,0.01558
C018,2024Q3,209982.42,-0.22172,0.202,0.26101
C018,2024Q4,459164.7,0.03689,0.13597,-0.25017
C018,2025Q1,318248.7,-0.00609,0.24377,0.41576
C018,2025Q2,349597.98,-0.10901,0.20362,-0.16877
C018,2025Q3,193448.81,-0.0975,0.19043,-0.20328
C018,2025Q4,415822.51,-0.03053,0.23299,0.1328
C019,2021Q1,79301.28,-0.05188,0.20714,-0.18211
C019,2021Q2,156258.66,0.114,0.28586,-0.06172
C019,2021Q3,113377.96,-0.04682,0.29532,-0.11712
C019,2021Q4,61056.06,-0.30319,0.29122,-0.10231
C019,2022Q1,147523.67,0.26917,0.31493,-0.27818
C019,2022Q2,89000.64,-0.01824,0.28325,0.26479
C019,2022Q3,153657.37,-0.10169,0.27932,0.11078
C019,2022Q4,103196.37,-0.13298,0.31548,0.20461
C019,2023Q1,146241.3,0.00138,0.26669,0.18782
C019,2023Q2,209457.38,-0.13819,0.31277,0.5115
C019,2023Q3,148160.16,-0.04934,0.24372,-0.08116
C019,2023Q4,145968.77,-0.03082,0.33285,-0.11111
C019,2024Q1,127388.94,0.16703,0.30419,0.31373
C019,2024Q2,209561.47,-0.08152,0.32063,0.04274
C019,2024Q3,64315.52,0.20309,0.37302,0.16108
C019,2024Q4,62258.53,-0.12195,0.32123,-0.13682
C019,2025Q1,138352.21,-0.15283,0.32758,0.03554
C019,2025Q2,124075.5,0.32864,0.3167,-0.07458
C019,2025Q3,53837.72,0.00816,0.26814,0.10101
C019,2025Q4,80297.7,0.21769,0.36308,0.22292
C020,2021Q1,413683.89,0.31282,0.32599,0.09255
C020,2021Q2,828768.28,-0.15032,0.31385,-0.09933
C020,2021Q3,499992.43,-0.09703,0.31268,-0.30661
C020,2021Q4,553945.34,-0.08848,0.31479,0.05573
C020,2022Q1,682977.44,0.025,0.32819,-0.42697
C020,2022Q2,400860.34,0.20999,0.28887,0.27996
C020,2022Q3,800864.03,0.09482,0.27625,-0.15419
C020,2022Q4,961691.39,0.05044,0.33133,-0.24144
C020,2023Q1,290608.64,0.14587,0.29445,-0.28219
C020,2023Q2,723750.53,-0.01827,0.29312,0.00457
C020,2023Q3,416008.92,0.10811,0.30316,-0.05125
C020,2023Q4,410199.28,0.09699,0.29379,-0.25426
C020,2024Q1,787138.31,0.00992,0.30904,-0.08969
C020,2024Q2,423486.09,0.04758,0.29051,-0.06884
C020,2024Q3,390354.96,0.07312,0.28564,0.17344
C020,2024Q4,816956.52,0.23068,0.2778,0.28825
C020,2025Q1,572332.88,0.21286,0.26276,0.35264
C020,2025Q2,601075.32,-0.12625,0.26729,0.52215
C020,2025Q3,373476.7,-0.03165,0.30154,-0.14209
C020,2025Q4,913832.39,-0.08849,0.27814,-0.14182
C021,2021Q1,521858.63,-0.08199,0.32671,0.03213
C021,2021Q2,412840.93,0.16209,0.25399,-0.40057
C021,2021Q3,296107.61,0.17233,0.28034,0.21774
C021,2021Q4,514262.73,0.08337,0.26478,-0.24183
C021,2022Q1,633441.17,-0.11888,0.35582,0.00655
C021,2022Q2,814941.0,-0.00979,0.27688,0.11071
C021,2022Q3,450557.24,0.14756,0.22751,-0.02669
C021,2022Q4,321286.22,-0.06907,0.23514,0.05509
C021,2023Q1,633963.77,0.07119,0.22186,0.10642
C021,2023Q2,1107645.65,-0.24995,0.21968,0.39854
C021,2023Q3,480654.27,0.10964,0.21519,0.13284
C021,2023Q4,246306.97,0.06741,0.31782,-0.00312
C021,2024Q1,296157.76,0.03165,0.24977,0.23331
C021,2024Q2,475153.14,-0.07037,0.20663,-0.0767
C021,2024Q3,563789.08,0.06291,0.19513,0.31229
C021,2024Q4,997545.53,0.0339,0.20579,0.25395
C021,2025Q1,662438.13,-0.05036,0.30573,0.23117
C021,2025Q2,466999.1,0.22511,0.28084,-0.02362
C021,2025Q3,413433.63,0.06531,0.23843,-0.17714
C021,2025Q4,727545.98,0.13837,0.23647,0.07249
C022,2021Q1,411770.15,0.10824,0.15778,0.31253
C022,2021Q2,996286.74,-0.10677,0.15377,-0.2015
C022,2021Q3,1055435.86,-0.02801,0.14573,-0.16031
C022,2021Q4,574966.4,-0.14342,0.15497,0.09403
C022,2022Q1,442086.77,-0.17258,0.18766,0.03989
C022,2022Q2,666260.22,0.29786,0.17137,0.18439
C022,2022Q3,562852.07,0.12375,0.17396,-0.24983
C022,2022Q4,1207208.62,0.19211,0.17966,0.27213
C022,2023Q1,723660.31,0.17353,0.18866,0.00323
C022,2023Q2,905485.71,-0.0923,0.18511,0.05601
C022,2023Q3,651299.22,-0.09092,0.17882,0.20976
C022,2023Q4,435722.18,-0.06503,0.16553,-0.07833
C022,2024Q1,1383852.69,-0.32922,0.19991,-0.00454
C022,2024Q2,941797.06,-0.11309,0.11067,0.43499
C022,2024Q3,1514675.06,-0.18345,0.20004,0.06234
C022,2024Q4,937773.02,-0.12825,0.22902,-0.15243
C022,2025Q1,716774.56,0.04519,0.17933,-0.13464
C022,2025Q2,1805436.5,0.03951,0.19075,0.32506
C022,2025Q3,1130320.71,0.14808,0.23366,-0.11696
C022,2025Q4,1060077.51,-0.21116,0.17448,-0.25138
C023,2021Q1,182226.07,0.12762,0.34702,-0.1201
C023,2021Q2,87342.33,0.13136,0.38291,0.63536
C023,2021Q3,148545.8,-0.04642,0.31588,-0.05052
C023,2021Q4,363323.09,0.07159,0.34325,-0.09334
C023,2022Q1,391784.42,-0.1564,0.33273,0.04352
C023,2022Q2,316723.99,-0.08433,0.37684,0.22929
C023,2022Q3,290428.18,0.10131,0.3602,-0.15977
C023,2022Q4,301088.4,0.01074,0.35693,-0.17722
C023,2023Q1,87117.86,-0.26979,0.37871,-0.09054
C023,2023Q2,153524.86,0.00226,0.31742,-0.04648
C023,2023Q3,199731.25,-0.02835,0.37568,0.13337
C023,2023Q4,130202.45,0.11993,0.35423,0.12391
C023,2024Q1,129293.39,-0.01495,0.45768,0.22484
C023,2024Q2,578489.99,0.00344,0.35459,0.4342
C023,2024Q3,218938.51,0.01512,0.34355,0.09157
C023,2024Q4,210555.57,0.00258,0.35365,0.1421
C023,2025Q1,232610.23,-0.09427,0.29757,0.29765
C023,2025Q2,376349.78,-0.16592,0.35086,0.28192
C023,2025Q3,347682.16,-0.05376,0.42862,-0.34146
C023,2025Q4,215291.78,-0.13312,0.37876,-0.16189
C024,2021Q1,909896.09,0.1203,0.22513,0.13982
C024,2021Q2,716866.86,0.1063,0.17149,0.2914
C024,2021Q3,982441.45,-0.0165,0.22186,0.24001
C024,2021Q4,586617.42,0.04503,0.2629,0.12159
C024,2022Q1,431715.8,0.03636,0.28221,0.17727
C024,2022Q2,692256.95,0.02867,0.19917,-0.18156
C024,2022Q3,864218.75,-0.01083,0.29695,0.03362
C024,2022Q4,559120.3,0.20117,0.18333,-0.02993
C024,2023Q1,1577377.68,-0.05379,0.21775,-0.1894
C024,2023Q2,844418.35,-0.24997,0.22076,-0.14111
C024,2023Q3,617834.54,0.01273,0.20036,0.16485
C024,2023Q4,1170932.01,-0.02503,0.08679,0.08904
C024,2024Q1,768916.14,-0.08506,0.2182,0.12413
C024,2024Q2,1258418.51,0.02022,0.16707,-0.18663
C024,2024Q3,629041.45,0.01185,0.23659,0.09427
C024,2024Q4,642854.05,-0.10083,0.19727,0.20673
C024,2025Q1,671872.86,-0.05544,0.20275,0.20249
C024,2025Q2,671293.76,-0.0302,0.24378,0.23097
C024,2025Q3,350257.3,0.06153,0.2106,-0.25939
C024,2025Q4,579675.53,-0.0228,0.18616,0.38844
C025,2021Q1,98211.01,0.05564,0.2142,6e-05
C025,2021Q2,48574.54,0.1196,0.3376,0.02932
C025,2021Q3,85389.65,0.0051,0.25693,0.23578
C025,2021Q4,43987.44,0.04924,0.29456,-0.25976
C025,2022Q1,203427.11,0.29191,0.25945,-0.18127
C025,2022Q2,110641.32,-0.19254,0.32828,0.04459
C025,2022Q3,127960.54,-0.05081,0.3028,0.22967
C025,2022Q4,115636.14,-0.21042,0.29155,-0.34101
C025,2023Q1,113242.16,0.13197,0.30899,-0.03495
C025,2023Q2,151115.32,0.21407,0.27856,0.45669
C025,2023Q3,115289.74,0.01631,0.32178,0.05303
C025,2023Q4,129716.06,-0.24438,0.28814,0.17272
C025,2024Q1,75591.31,-0.17756,0.25297,0.38745
C025,2024Q2,179124.77,0.20572,0.30205,-0.01777
C025,2024Q3,72373.45,0.3421,0.35902,0.33025
C025,2024Q4,85509.98,-0.06756,0.26366,-0.0003
C025,2025Q1,168711.14,0.24173,0.25064,-0.12832
C025,2025Q2,146472.42,0.08035,0.28885,-0.05846
C025,2025Q3,135139.59,0.06735,0.28007,0.16376
C025,2025Q4,99442.92,0.09286,0.24005,-0.07112
C026,2021Q1,165693.78,0.09119,0.25408,0.20261
C026,2021Q2,227594.94,0.20285,0.25934,0.00704
C026,2021Q3,179179.28,0.19719,0.1578,-0.02829
C026,2021Q4,137687.71,0.27239,0.29195,-0.16129
C026,2022Q1,165906.35,0.34142,0.16635,0.35501
C026,2022Q2,189076.05,-0.22558,0.23259,0.07293
C026,2022Q3,162529.55,-0.02066,0.23821,0.21965
C026,2022Q4,240109.07,0.04177,0.21359,0.02844
C026,2023Q1,163763.06,-0.07582,0.24292,0.07087
C026,2023Q2,327268.25,0.03353,0.21163,0.0377
C026,2023Q3,225497.22,-0.03451,0.29212,0.44054
C026,2023Q4,86365.79,0.06313,0.20874,-0.07382
C026,2024Q1,99333.13,-0.0229,0.20373,-0.05361
C026,2024Q2,244051.08,0.01915,0.28551,0.12678
C026,2024Q3,117520.55,0.07402,0.30607,-0.14021
C026,2024Q4,239780.08,-0.02333,0.16302,0.5203
C026,2025Q1,155258.63,-0.05058,0.1822,-0.01962
C026,2025Q2,85444.53,-0.06018,0.18516,0.17278
C026,2025Q3,38259.26,0.05025,0.16695,-0.09397
C026,2025Q4,132819.72,0.01751,0.23472,-0.13825
C027,2021Q1,114169.91,0.02779,0.23956,0.15087
C027,2021Q2,199712.62,-0.01877,0.18318,0.12596
C027,2021Q3,226991.21,-0.0752,0.23531,0.30806
C027,2021Q4,208443.29,0.20413,0.20102,-0.19373
C027,2022Q1,133923.97,-0.10861,0.163,0.24791
C027,2022Q2,389222.0,-0.03019,0.14107,0.07299
C027,2022Q3,173990.8,0.11624,0.20884,-0.22239
C027,2022Q4,173968.74,0.09318,0.20072,-0.08981
C027,2023Q1,169889.12,0.08467,0.25742,0.43854
C027,2023Q2,267504.28,0.11706,0.22369,0.32418
C027,2023Q3,155272.09,-0.17901,0.21213,-0.36729
C027,2023Q4,174614.81,0.01835,0.21982,0.13979
C027,2024Q1,270232.41,-0.11498,0.12911,0.26058
C027,2024Q2,183387.01,0.13344,0.26433,0.33013
C027,2024Q3,269485.99,0.22967,0.27161,0.19509
C027,2024Q4,137023.43,0.06242,0.16068,0.21926
C027,2025Q1,432915.96,-0.21329,0.19817,0.03882
C027,2025Q2,332027.6,-0.18303,0.14151,0.1082
C027,2025Q3,346716.64,-0.02965,0.18868,0.26818
C027,2025Q4,269335.05,-0.01544,0.16501,0.07864
C028,2021Q1,837029.1,-0.11676,0.27855,0.22291
C028,2021Q2,360850.31,-0.16969,0.24425,0.07626
C028,2021Q3,347962.69,-0.1717,0.26842,0.34465
C028,2021Q4,788023.63,0.06772,0.30095,0.24019
C028,2022Q1,537436.54,-0.12123,0.22411,-0.15154
C028,2022Q2,308429.52,-0.22523,0.27071,0.01277
C028,2022Q3,268368.49,-0.08987,0.26974,-0.15528
C028,2022Q4,403315.35,0.21091,0.26825,0.09211
C028,2023Q1,186168.32,0.07855,0.24198,-0.08215
C028,2023Q2,887758.24,0.05999,0.28975,0.53265
C028,2023Q3,491028.56,0.0371,0.26688,0.03135
C028,2023Q4,947309.33,-0.12396,0.23589,0.10705
C028,2024Q1,864276.42,-0.10534,0.20893,0.37702
C028,2024Q2,1086236.36,-0.05535,0.21028,0.13816
C028,2024Q3,881656.96,-0.14437,0.25763,-0.10305
C028,2024Q4,507625.43,0.00446,0.27915,0.27967
C028,2025Q1,578418.76,0.1507,0.28037,0.04814
C028,2025Q2,1345234.37,-0.08122,0.2434,0.31128
C028,2025Q3,1242862.03,-0.06503,0.36481,-0.01744
C028,2025Q4,1063171.66,-0.02099,0.26475,-0.19684
C029,2021Q1,193221.87,0.16733,0.31996,0.0995
C029,2021Q2,541117.78,-0.03299,0.27202,0.44754
C029,2021Q3,356922.16,-0.00892,0.30666,-0.06873
C029,2021Q4,244743.27,0.08616,0.32944,0.14954
C029,2022Q1,583868.54,-0.00743,0.27199,0.21565
C029,2022Q2,324695.3,0.01146,0.31362,0.29652
C029,2022Q3,476936.58,-0.13513,0.31417,-0.06485
C029,2022Q4,522864.56,0.02473,0.32049,0.39783
C029,2023Q1,226580.66,0.11959,0.29412,-0.17399
C029,2023Q2,444109.47,-0.03314,0.30331,-0.07078
C029,2023Q3,434854.72,0.05062,0.31004,0.30336
C029,2023Q4,458450.95,0.17201,0.32109,0.04098
C029,2024Q1,534583.17,-0.06614,0.3096,0.25122
C029,2024Q2,398087.33,0.07733,0.30893,0.1047
C029,2024Q3,398697.0,-0.04559,0.25062,0.42107
C029,2024Q4,485552.53,0.01354,0.26209,-0.02032
C029,2025Q1,445807.84,0.20368,0.28984,0.33769
C029,2025Q2,671275.12,0.23715,0.25335,0.00579
C029,2025Q3,519400.38,0.11472,0.29416,0.21463
C029,2025Q4,1018623.87,0.1403,0.32151,-0.11792
C030,2021Q1,326936.1,0.17375,0.32306,-0.10663
C030,2021Q2,592919.93,-0.02596,0.24216,0.33685
C030,2021Q3,548730.64,-0.171,0.33977,0.14692
C030,2021Q4,196883.05,0.03752,0.28099,0.0562
C030,2022Q1,325687.03,-0.07803,0.30368,-0.13164
C030,2022Q2,358069.52,-0.05607,0.3724,0.04355
C030,2022Q3,673484.2,0.08382,0.36728,-0.09809
C030,2022Q4,551910.82,0.06921,0.31893,-0.16207
C030,2023Q1,314570.97,0.22271,0.26864,0.07508
C030,2023Q2,199665.34,-0.01952,0.25917,0.40739
C030,2023Q3,255313.11,0.06693,0.32697,0.37112
C030,2023Q4,386919.4,-0.0702,0.30603,0.20994
C030,2024Q1,292860.58,-0.04413,0.29031,-0.12461
C030,2024Q2,494823.45,0.07454,0.28229,0.27512
C030,2024Q3,214950.08,-0.05321,0.35489,-0.1388
C030,2024Q4,249905.91,-0.15093,0.31519,0.08725
C030,2025Q1,628010.66,-0.06611,0.35822,0.13709
C030,2025Q2,525030.09,-0.0029,0.34117,-0.08949
C030,2025Q3,428866.3,0.23501,0.32276,0.28987
C030,2025Q4,255352.96,0.18507,0.31688,0.20366
C031,2021Q1,101366.47,0.165,0.17784,0.4277
C031,2021Q2,80282.8,-0.32247,0.23634,0.40688
C031,2021Q3,85058.76,0.02778,0.16595,0.21814
C031,2021Q4,151377.55,-0.04057,0.18433,-0.10856
C031,2022Q1,176957.96,0.11182,0.1843,0.39001
C031,2022Q2,305407.48,0.1343,0.20862,-0.04243
C031,2022Q3,103238.0,-0.12039,0.19809,0.74334
C031,2022Q4,259526.88,0.03889,0.23832,0.17916
C031,2023Q1,267255.35,0.04732,0.24081,0.48144
C031,2023Q2,116125.26,-0.09231,0.20928,0.19113
C031,2023Q3,159434.65,-0.05874,0.15414,0.00027
C031,2023Q4,70882.12,-0.10305,0.23788,-0.03507
C031,2024Q1,64357.7,0.01967,0.20224,0.00909
C031,2024Q2,273314.46,-0.0228,0.21959,-0.04725
C031,2024Q3,293297.45,-0.0714,0.16493,-0.17706
C031,2024Q4,129082.96,-0.08063,0.18894,0.34611
C031,2025Q1,227361.16,-0.11838,0.13651,0.10862
C031,2025Q2,109510.76,0.05304,0.13794,0.00692
C031,2025Q3,142603.87,-0.07408,0.18056,0.05014
C031,2025Q4,208673.61,0.27301,0.14525,-0.18685
C032,2021Q1,216976.28,0.0311,0.26078,0.03354
C032,2021Q2,160364.97,-0.21022,0.33876,0.07075
C032,2021Q3,105921.84,-0.02024,0.29755,0.48087
C032,2021Q4,287449.13,0.00323,0.29007,-0.19978
C032,2022Q1,178341.04,-0.11524,0.34856,-0.11491
C032,2022Q2,157819.22,0.00976,0.29619,0.16378
C032,2022Q3,253137.6,0.08057,0.278,0.39856
C032,2022Q4,255960.68,0.10026,0.3354,0.16592
C032,2023Q1,130639.35,-0.08753,0.35708,0.18959
C032,2023Q2,491919.98,-0.05682,0.30174,0.17414
C032,2023Q3,225162.04,0.12603,0.32069,0.10005
C032,2023Q4,164460.29,-0.09119,0.33312,0.12983
C032,2024Q1,123455.21,0.15065,0.32079,-0.04492
C032,2024Q2,252986.16,0.0752,0.31912,0.18087
C032,2024Q3,246387.9,0.10948,0.29918,-0.19747
C032,2024Q4,162921.32,-0.00493,0.27561,0.15859
C032,2025Q1,196040.57,-0.15826,0.26524,-0.21807
C032,2025Q2,447520.64,-0.13874,0.32254,0.08532
C032,2025Q3,193785.58,-0.0438,0.25716,0.10104
C032,2025Q4,322036.82,-0.04985,0.26399,0.17664
C033,2021Q1,252699.97,0.09345,0.41356,0.3996
C033,2021Q2,356538.48,0.07681,0.40088,0.2319
C033,2021Q3,221979.37,-0.07409,0.36995,0.0092
C033,2021Q4,400443.65,-0.31556,0.33915,0.07009
C033,2022Q1,191288.97,0.05237,0.28644,0.15422
C033,2022Q2,317480.42,-0.09839,0.3311,-0.12756
C033,2022Q3,271649.67,0.17436,0.39681,-0.27222
C033,2022Q4,776074.66,-0.00816,0.33949,0.18565
C033,2023Q1,199122.82,-0.00306,0.31565,0.42617
C033,2023Q2,233480.11,-0.02465,0.33867,0.06596
C033,2023Q3,358628.45,-0.08881,0.31867,0.14135
C033,2023Q4,150698.31,-0.03994,0.36635,0.00712
C033,2024Q1,419806.92,-0.1144,0.35273,0.55318
C033,2024Q2,172396.17,0.07443,0.33839,-0.30501
C033,2024Q3,475742.69,0.01598,0.34437,0.62258
C033,2024Q4,760109.46,0.07134,0.41608,0.06858
C033,2025Q1,494076.24,0.02138,0.32932,-0.21327
C033,2025Q2,913155.4,0.11607,0.28766,-0.30181
C033,2025Q3,1208681.11,0.04607,0.34568,0.2742
C033,2025Q4,1543741.61,-0.34234,0.3104,0.0623
C034,2021Q1,534796.34,0.23281,0.23542,0.35581
C034,2021Q2,411167.22,0.36458,0.30017,-0.57266
C034,2021Q3,473304.93,-0.07384,0.16714,-0.04629
C034,2021Q4,398565.86,-0.13072,0.18643,0.12782
C034,2022Q1,236227.0,-0.11602,0.24291,0.38569
C034,2022Q2,1098560.61,-0.01457,0.24546,0.46523
C034,2022Q3,298720.91,-0.11405,0.26963,-0.22594
C034,2022Q4,1037099.34,-0.15335,0.24725,-0.04669
C034,2023Q1,572582.38,0.18912,0.27476,-0.3434
C034,2023Q2,1334087.72,0.09939,0.22745,0.10049
C034,2023Q3,1115074.17,-0.09662,0.22578,-0.01777
C034,2023Q4,1035725.9,0.15999,0.21008,-0.03227
C034,2024Q1,956583.04,0.0987,0.21197,0.26267
C034,2024Q2,674841.82,0.13949,0.24603,0.03153
C034,2024Q3,870319.26,-0.08847,0.1601,0.0024
C034,2024Q4,443752.84,0.03869,0.30186,-0.18778
C034,2025Q1,482433.5,0.02977,0.26526,0.20441
C034,2025Q2,1472588.09,-0.06634,0.19374,0.25677
C034,2025Q3,922141.85,0.09173,0.23052,0.12218
C034,2025Q4,1326687.92,0.15212,0.26783,0.26843
C035,2021Q1,519957.96,0.17502,0.22134,-0.2841
C035,2021Q2,749795.82,0.00735,0.20389,-0.39585
C035,2021Q3,825914.35,0.09125,0.17391,0.12604
C035,2021Q4,1484579.15,-0.01407,0.26711,-0.13252
C035,2022Q1,668472.09,-0.0535,0.24011,0.07743
C035,2022Q2,952819.79,-0.13247,0.19521,0.54211
C035,2022Q3,819809.34,-0.07139,0.18062,-0.25073
C035,2022Q4,1215943.07,0.10936,0.18812,0.0473
C035,2023Q1,724496.58,0.13977,0.19683,-0.57487
C035,2023Q2,1300513.29,0.00691,0.21257,-0.07232
C035,2023Q3,455475.15,0.04474,0.2529,0.01296
C035,2023Q4,1278898.43,-0.12227,0.19193,-0.39829
C035,2024Q1,1191858.67,-0.05631,0.16984,0.05303
C035,2024Q2,564449.88,-0.09728,0.21865,0.48363
C035,2024Q3,952117.32,0.00117,0.17311,0.10043
C035,2024Q4,1528083.49,0.18996,0.27586,-0.0397
C035,2025Q1,1157363.06,-0.02236,0.21221,0.07888
C035,2025Q2,1124899.65,-0.02975,0.23347,0.22792
C035,2025Q3,775581.48,0.19202,0.23255,-0.03402
C035,2025Q4,951063.84,-0.18237,0.26589,-0.0879
C036,2021Q1,585446.51,0.09769,0.21351,0.1354
C036,2021Q2,447771.54,-0.07099,0.21195,0.23026
C036,2021Q3,705175.8,0.0801,0.22374,-0.01215
C036,2021Q4,1384215.7,-0.0407,0.21465,0.16995
C036,2022Q1,1626073.8,-0.24557,0.2349,-0.08296
C036,2022Q2,1546690.38,0.04988,0.25264,0.01702
C036,2022Q3,554343.49,0.27056,0.22597,0.07059
C036,2022Q4,981273.46,0.08002,0.18166,-0.05836
C036,2023Q1,2373663.32,-0.01074,0.19641,0.24922
C036,2023Q2,1307178.22,-0.01103,0.18284,-0.06296
C036,2023Q3,574473.47,0.06413,0.23257,0.27409
C036,2023Q4,1070348.43,-0.11006,0.17347,0.33052
C036,2024Q1,2274238.76,-0.16585,0.21057,-0.42782
C036,2024Q2,1314763.86,0.00931,0.19881,-0.0253
C036,2024Q3,949424.62,0.14459,0.23557,0.11106
C036,2024Q4,1918683.48,0.28925,0.20803,-0.17614
C036,2025Q1,2833067.68,0.17043,0.18407,-0.06751
C036,2025Q2,1879654.1,0.05319,0.18146,0.23149
C036,2025Q3,2464566.88,-0.01289,0.26086,0.11854
C036,2025Q4,1626511.59,0.2737,0.24845,0.16163
C037,2021Q1,390452.36,0.19864,0.25742,-0.39437
C037,2021Q2,330492.75,0.01829,0.26008,-0.01565
C037,2021Q3,243295.18,0.24683,0.2153,0.4146
C037,2021Q4,567107.97,0.06613,0.21816,0.41283
C037,2022Q1,274796.38,-0.02283,0.2255,0.21378
C037,2022Q2,816226.43,-0.00423,0.21724,0.29401
C037,2022Q3,359225.01,0.22237,0.24784,-0.00907
C037,2022Q4,939125.87,-0.1587,0.20963,-0.22332
C037,2023Q1,697072.51,-0.08074,0.26739,0.18331
C037,2023Q2,1069922.26,0.35131,0.26287,0.00338
C037,2023Q3,913577.12,-0.14028,0.209,0.30434
C037,2023Q4,490952.27,0.11821,0.24263,0.06321
C037,2024Q1,604223.33,-0.07947,0.21001,-0.16482
C037,2024Q2,1106814.56,0.04541,0.26371,0.06124
C037,2024Q3,495319.88,0.02769,0.18569,0.08779
C037,2024Q4,470710.32,-0.28459,0.2351,-0.09154
C037,2025Q1,649384.6,-0.08374,0.15975,-0.29583
C037,2025Q2,1028746.2,0.02328,0.30682,-0.04057
C037,2025Q3,889109.05,-0.18123,0.23117,0.11317
C037,2025Q4,1716668.47,0.01977,0.16994,0.0254
C038,2021Q1,803288.34,0.001,0.18431,-0.13517
C038,2021Q2,653173.01,-0.00943,0.14018,0.16345
C038,2021Q3,590667.27,-0.01616,0.21328,-0.2277
C038,2021Q4,1142045.33,0.1087,0.24508,0.02863
C038,2022Q1,1436061.01,0.09242,0.19676,-0.08275
C038,2022Q2,1431857.47,0.02735,0.24837,0.11379
C038,2022Q3,1092746.03,-0.10342,0.21962,-0.37164
C038,2022Q4,1124131.38,0.20792,0.26931,-0.12023
C038,2023Q1,1786194.36,-0.13442,0.19354,-0.05418
C038,2023Q2,952843.99,-0.01485,0.27859,0.19363
C038,2023Q3,710954.08,-0.0391,0.24343,-0.16906
C038,2023Q4,1194854.5,0.19857,0.22987,-0.16726
C038,2024Q1,963922.67,0.14801,0.18485,0.03457
C038,2024Q2,2363955.13,-0.06617,0.22307,0.2815
C038,2024Q3,856490.04,0.05032,0.17518,0.45738
C038,2024Q4,1675342.29,0.04829,0.20687,0.4549
C038,2025Q1,432423.19,0.04728,0.23243,0.10479
C038,2025Q2,1387603.93,-0.22041,0.23339,-0.10571
C038,2025Q3,2384871.12,0.10822,0.26613,0.26682
C038,2025Q4,1415339.85,0.1049,0.20413,0.29314
C039,2021Q1,302960.89,0.19919,0.29054,0.00188
C039,2021Q2,498150.11,0.0373,0.33782,0.1524
C039,2021Q3,318061.77,0.06814,0.33399,-0.03367
C039,2021Q4,158640.88,0.06042,0.22687,0.25633
C039,2022Q1,415044.24,-0.15541,0.35325,0.05738
C039,2022Q2,51054.89,-0.07868,0.39591,0.14448
C039,2022Q3,192441.3,0.20267,0.34304,0.15025
C039,2022Q4,835098.32,0.08886,0.34776,0.01209
C039,2023Q1,365949.73,0.06994,0.33426,0.15258
C039,2023Q2,383947.91,0.0747,0.3926,-0.02004
C039,2023Q3,671827.96,0.06786,0.33272,0.26337
C039,2023Q4,838832.36,0.33745,0.37414,-0.18313
C039,2024Q1,323822.05,-0.08499,0.35957,0.00845
C039,2024Q2,328380.66,0.16978,0.316,0.07004
C039,2024Q3,185224.8,0.10771,0.31289,0.18259
C039,2024Q4,1011370.24,-0.06544,0.29538,-0.17789
C039,2025Q1,567111.49,-0.0809,0.34409,-0.06348
C039,2025Q2,793771.07,0.05759,0.34795,-0.14029
C039,2025Q3,450489.24,-0.08233,0.28014,0.01154
C039,2025Q4,898220.84,0.21225,0.36396,-0.14816
C040,2021Q1,1053746.78,0.01615,0.22144,0.23163
C040,2021Q2,1419117.74,-0.12458,0.15032,0.16492
C040,2021Q3,602327.2,-0.03311,0.18512,-0.1336
C040,2021Q4,748049.48,0.07512,0.20667,-0.34292
C040,2022Q1,1378885.4,-0.05366,0.15355,-0.27034
C040,2022Q2,1202883.72,-0.15056,0.17966,-0.01882
C040,2022Q3,1636719.25,0.27603,0.22544,-0.34383
C040,2022Q4,748194.81,0.38955,0.18465,0.20616
C040,2023Q1,1880707.82,0.16085,0.2047,0.37139
C040,2023Q2,1238368.73,0.16157,0.21169,0.27231
C040,2023Q3,1217828.62,-0.09724,0.21388,0.5322
C040,2023Q4,1875783.76,-0.08297,0.15612,0.1648
C040,2024Q1,1979809.47,-0.00676,0.26994,0.3147
C040,2024Q2,1868252.68,-0.17084,0.17172,-0.14587
C040,2024Q3,2320776.95,0.18911,0.2152,-0.11388
C040,2024Q4,3635501.64,0.04688,0.14103,0.20243
C040,2025Q1,1707936.76,0.17901,0.24482,-0.07985
C040,2025Q2,1298794.24,-0.10408,0.1428,0.58198
C040,2025Q3,2130077.3,0.13823,0.22467,-0.15454
C040,2025Q4,1179261.81,0.31776,0.24032,-0.0967
